ADM_DR_NM,Price,long,lat,mid_tot_stu,mid_rate,high_tot_stu,high_rate,동별인구,mid_ent_stu,priv_rate,spec_rate,elite,univ_rate,mid-exist,high-exist,meanYR,harm500,high_dist,midd_dist,low_eld,subway,elevation,meanFL,store,Fldummy
사직동,1327.844634,197383.0947,452705.2376,403,4.35,518,5.59,9273,141,19.6,7.9,27.5,49.5,1,1,18.58536585,27.27,563.4487958,537.7792541,12.23021583,392.2128,63.44599845,8.097560976,735.133565,0
평창동,786.6092857,197185.8384,457344.3675,0.0001,0.0001,0.0001,0.0001,17578,0.0001,0.0001,0.0001,8.4,47.4,0.0001,0.0001,22.5,0,1409.338782,1986.693939,11.27098321,3016.9507,300.0512378,5.214285714,2178.523056,0
무악동,1444.425652,196341.7186,453063.2721,0.0001,0.0001,0.0001,0.0001,7991,0.0001,0.0001,0.0001,16.3,48.5,0.0001,0.0001,16,0,284.9227449,311.7565542,25.91743119,242.2151,148.3073171,8.02173913,171.7598994,0
교남동,2242.193529,196830.1457,452392.0708,289,2.92,388,3.92,9889,106,12.7,3.6,16.3,48.5,1,1,7.352941176,100,400.3757433,232.889497,25.47660312,458.9161,78.52083333,10.76470588,704.065059,0
종로1·2·3·4가동,939.7454167,199104.3056,452848.8387,0.0001,0.0001,0.0001,0.0001,8492,0.0001,0.0001,0.0001,4.8,51.8,0.0001,0.0001,19.125,3.92,925.5968881,749.5759573,30.02014775,289.2964,50.21431234,7.75,263.8864069,0
종로5·6가동,950.4611111,200388.6027,452590.4537,0.0001,0.0001,0.0001,0.0001,5899,0.0001,0.0001,0.0001,15.5,52.7,0.0001,0.0001,8.444444444,42.86,1170.522674,426.3267443,25.48701299,418.9058,39.21661721,10,467.7434857,0
이화동,996.15,200266.987,453352.1216,362,4.84,0.0001,0.0001,7480,97,9.2,6.3,15.5,52.7,1,0.0001,11.5,0,947.0761822,324.8383022,27.78702163,490.5447,41.77152698,7.666666667,516.2667236,0
창신1동,1364.624,201219.3468,452536.4797,0.0001,0.0001,0.0001,0.0001,5331,0.0001,0.0001,0.0001,5.5,38.6,0.0001,0.0001,30.6,0,987.4191571,897.8753344,33.33333333,205.0096,50.98203593,7.2,181.9329754,0
창신2동,668.35,200899.8451,452942.3881,0.0001,0.0001,0.0001,0.0001,8648,0.0001,0.0001,0.0001,15.5,38.6,0.0001,0.0001,21,0,560.7423597,488.4884804,29.12723449,521.3108,76.271777,1,442.4319097,0
창신3동,1016.092667,201167.9288,453267.1398,0.0001,0.0001,0.0001,0.0001,6520,0.0001,0.0001,0.0001,5.5,38.6,0.0001,0.0001,29.66666667,0,321.7663903,274.1196916,23.76237624,210.9578,82.03829787,7.866666667,370.6400246,0
숭인1동,1135.02,201492.056,453070.6215,0.0001,0.0001,0.0001,0.0001,6114,0.0001,0.0001,0.0001,5.5,38.6,0.0001,0.0001,17,0,657.7139019,654.7701527,26.34408602,90.0613,55.45955882,9.375,125.4561643,0
숭인2동,888.1257143,201797.004,452771.8224,0.0001,0.0001,0.0001,0.0001,10692,0.0001,0.0001,0.0001,38.3,56.1,0.0001,0.0001,12.35714286,66.67,576.4708309,551.6622404,26.62473795,261.1092,44.15228426,11.21428571,236.2875172,1
청운효자동,963.17,197342.1912,453873.5567,407,3.54,596,5.19,11489,128,9.8,5.6,15.4,41,1,1,22,0,444.8606721,506.5494502,20.59282371,1094.9041,125.2007695,4.5,1390.758411,0
혜화동,1146.13875,199772.9447,454212.2884,217,1.13,464.75,2.42,19239,68,4.1,0.5,4.6,57.5,1,1,24,0,277.0583364,296.0797166,17.96690307,552.3018,79.8568,5.875,684.4379916,0
소공동,1442.197143,197736.0213,451636.4414,220,6.47,770,22.64,3401,64,26.6,3.1,29.7,53.5,1,1,10.52380952,11.76,329.5183206,392.4765189,19.54022989,373.2157,43.62009569,11,251.8224625,0
회현동,1343.165882,197976.7583,450824.1345,0.0001,0.0001,0.0001,0.0001,5053,0.0001,0.0001,0.0001,29.7,46.2,0.0001,0.0001,18.70588235,4.05,1210.54016,1291.366238,41.04882459,320.2871,41.79062812,16.64,298.0543055,1
필동,1007.972857,199449.614,450815.5061,0.0001,0.0001,0.0001,0.0001,4971,0.0001,0.0001,0.0001,11.1,56.6,0.0001,0.0001,23.28571429,77.97,1140.438435,565.7236048,20.25316456,414.255,60.0979064,5.571428571,371.4939084,0
장충동,950.2922222,200191.2638,450670.6297,0.0001,0.0001,0.0001,0.0001,5462,0.0001,0.0001,0.0001,9.3,56.6,0.0001,0.0001,31.33333333,48.78,761.7627832,751.2850188,24.35424354,235.439,74.27345133,5.888888889,318.0530203,0
광희동,1043.921628,200332.5599,451735.7218,244,3.39,0.0001,0.0001,7198,71,11.1,0.0001,11.1001,56.6,1,0.0001,23.86046512,67.57,1377.821168,321.2180702,26.52631579,323.6325,41.62926829,10.13953488,130.9058381,0
을지로동,1234.89,199696.1855,451898.2251,0.0001,0.0001,0.0001,0.0001,3323,0.0001,0.0001,0.0001,11.1,51.8,0.0001,0.0001,14.57142857,50.72,1522.865422,444.0014013,34.5890411,298.1118,40.68592593,12,155.404828,1
황학동,1086.212093,201841.587,452110.9114,0.0001,0.0001,0.0001,0.0001,13612,0.0001,0.0001,0.0001,38.3,56.1,0.0001,0.0001,12.73255814,95.83,576.5114254,869.4776781,38.57142857,416.504,20.33704735,18.43023256,59.414641,1
중림동,1762.559756,196999.0121,450869.4686,147,1.18,529,4.23,12494,43,2,5.9,7.9,58,1,1,11.34146341,100,344.6719767,351.2660293,41.66666667,428.1496,51.24304267,12.46341463,91.33874411,1
신당동,1050.32087,201210.7544,451795.214,164,1.85,0.0001,0.0001,8885,55,3.6,1.8,5.4,46.6,1,0.0001,11.13043478,0,615.037238,490.2485436,35.37735849,131.2459,30.75252525,9.53256705,268.7740227,0
약수동,1429.7757,200909.0824,450070.0987,0.0001,0.0001,0.0001,0.0001,16342,0.0001,0.0001,0.0001,8.5,56.6,0.0001,0.0001,19.86,100,527.3624111,0,44.26910299,150.7009,59.18923933,0.0001,0,0
청구동,1394.926346,201341.9877,450817.3709,264,2,0.0001,0.0001,13225,117,9.5,0.0001,9.5001,36.7,1,0.0001,24,92.86,662.275921,0,44.12442396,298.8059,37.51842105,0.0001,0,0
동화동,1306.97,201647.982,451242.3833,0.0001,0.0001,0.0001,0.0001,10120,0.0001,0.0001,0.0001,7.97,46.6,0.0001,0.0001,18.33333333,56.52,616.4419061,0,25.14124294,377.0063,32.69230769,0.0001,0,0
후암동,1238.97,198286.9905,450043.261,0.0001,0.0001,0.0001,0.0001,16462,0.0001,0.0001,0.0001,1,48.8,0.0001,0.0001,29.90909091,100,719.2647282,700.8225863,31.65618449,415.3909,74.34169279,3.545454545,668.0653663,0
용산2가동,545,198681.4682,448711.7648,278,2.71,616.5,6,10271,80,0.0001,0.5,0.5001,49.3,1,1,41,100,290.6630292,290.6630292,34.72949389,839.1811,66.06258566,1,967.4466263,0
남영동,1232.646,197775.5009,449391.1721,0.0001,0.0001,0.0001,0.0001,7347,0.0001,0.0001,0.0001,4.5,34.9,0.0001,0.0001,10,80,835.9550593,835.9550593,58.10113519,225.6103,28.90964313,21.8,469.3452519,1
원효로2동,1391.887105,195798.1618,448262.4424,238,1.73,435,3.16,13763,71,4.1,2.1,6.2,47.4,1,1,28.84210526,0,356.8128972,356.8128972,34.21052632,687.4326,32.02534854,7.184210526,197.5008243,0
효창동,1708.998125,196548.3125,449256.3434,0.0001,0.0001,0.0001,0.0001,10811,0.0001,0.0001,0.0001,2.4,51.2,0.0001,0.0001,12.6875,100,741.9491598,583.9985789,16.51090343,275.8337,39.58536585,8.75,462.9291984,0
용문동,1446.594,196333.3435,448720.1198,0.0001,0.0001,0.0001,0.0001,11518,0.0001,0.0001,0.0001,6.2,47.4,0.0001,0.0001,26.32,0,488.4809102,488.4809102,39.66165414,459.6722,32.05787781,9.6,415.5173925,0
이촌1동,2307.839296,197503.2328,446188.52,862,3.38,387,1.52,25513,284,22.5,5.4,27.9,48.9,1,1,29.93467337,100,494.6880273,442.6390812,2.54691689,446.0789,4.53548995,10.96984925,307.8923291,0
이촌2동,2331.771429,195951.8726,447041.8826,0.0001,0.0001,0.0001,0.0001,7932,0.0001,0.0001,0.0001,6.2,47.4,0.0001,0.0001,24.52380952,100,1009.863669,1009.863669,18.50117096,1217.7596,2.347890452,11.23809524,835.8204334,1
이태원1동,1751.260882,199402.7876,448206.7927,0.0001,0.0001,0.0001,0.0001,7799,0.0001,0.0001,0.0001,0,49.7,0.0001,0.0001,39.32352941,66.67,804.2999855,572.2580166,22.66666667,496.0083,60.51777434,7.441176471,516.1356997,0
이태원2동,2016.668889,199297.868,449139.0519,0.0001,0.0001,0.0001,0.0001,10223,0.0001,0.0001,0.0001,0,49.7,0.0001,0.0001,29.22222222,0,407.2688922,407.2688922,19.68810916,749.3193,117.049332,2.111111111,848.6817708,0
서빙고동,2127.275,199020.2007,446683.3361,328,2.5,0.0001,0.0001,13141,102,2.9,0.0001,2.9001,48.9,1,0.0001,30.83333333,0,919.6452105,532.4341168,25.05175983,1347.8171,18.19655941,7.833333333,456.5485184,0
보광동,2235.922941,200079.6795,447488.0939,330,2.66,451,3.63,12420,105,2.5,1.6,4.1,61.2,1,1,31.35294118,94.74,238.060146,352.8017711,40.2022756,1191.4505,45.15209125,7,226.670004,0
청파동,696,197069.9268,449785.6371,328,1.67,298,1.52,19616,108,4,1.2,5.2,43.1,1,1,19,83.33,374.5930689,374.5930689,35.77464789,463.8846,57.46036585,6,581.2692311,0
원효로1동,1573.750769,197044.3257,448666.1627,0.0001,0.0001,0.0001,0.0001,17007,0.0001,0.0001,0.0001,8.7,34.9,0.0001,0.0001,11.82051282,88.89,610.8105013,591.2532597,25.91876209,502.6776,27.02286585,15.97435897,219.7017066,1
한강로동,2165.520377,197223.8055,447737.2655,0.0001,0.0001,0.0001,0.0001,22691,0.0001,0.0001,0.0001,6.2,47.4,0.0001,0.0001,12.11320755,52.38,1057.00355,893.3672232,21.96029777,361.5298,14.50612245,17.54716981,171.0613333,1
한남동,2659.675,200457.4995,448669.1267,0.0001,0.0001,0.0001,0.0001,19911,0.0001,0.0001,0.0001,23.4,56.6,0.0001,0.0001,17.8,6.67,1355.381653,786.9583238,21.84579439,808.619,76.72821577,4.6,414.6012043,0
왕십리2동,1378.495161,202449.7687,451324.7289,0.0001,0.0001,0.0001,0.0001,16481,0.0001,0.0001,0.0001,20,46.6,0.0001,0.0001,15.75268817,100,512.1582078,711.8986329,30.86956522,426.1279,39.243309,9.505376344,392.3118621,0
마장동,1212.523919,203586.6821,451987.429,370,1.66,0.0001,0.0001,22233,112,15.7,0.8,16.5,40.7,1,0.0001,23.82432432,100,787.8627691,243.3862846,26.63551402,317.0349,20.32926829,11.58108108,344.8346549,1
사근동,1326.210625,204010.9505,450955.7961,366,2.59,941,6.65,14141,114,12.8,0.3,13.1,50.3,1,1,16.5,42.86,536.8339682,407.8370179,21.18226601,255.7821,27.54622496,15.5625,349.604417,1
행당1동,1627.252091,203196.2203,451062.8157,0.0001,0.0001,0.0001,0.0001,13984,0.0001,0.0001,0.0001,20,43.2,0.0001,0.0001,16.08181818,92.73,451.8009326,331.9871495,25.6,481.9664,25.73447205,12.31818182,279.4666468,1
행당2동,1354.656897,202620.3605,450794.7377,805,3.51,532,2.32,22933,248,18.9,1.1,20,43.2,1,1,22.56321839,100,424.9757899,484.6765817,40.94827586,262.8667,51.09233792,9.333333333,209.783683,0
응봉동,1385.943704,202979.9079,450151.7263,805,5.37,0.0001,0.0001,15000,244,25.5,1.2,26.7,43.2,1,0.0001,28.81481481,100,548.8311293,260.3576895,14.87279843,670.3116,55.82200647,9.027777778,568.7045564,0
금호1가동,1729.179658,202207.4193,450451.7089,0.0001,0.0001,445,3,14841,0.0001,0.0001,0.0001,9.5,36.7,0.0001,1,10.74358974,100,280.7036586,542.5602428,42.81949934,393.7747,62.06707317,8.769230769,279.7911245,0
금호4가동,1762.012278,202135.0495,449542.2603,0.0001,0.0001,0.0001,0.0001,14284,0.0001,0.0001,0.0001,9.5,36.7,0.0001,0.0001,15.3164557,100,860.2695829,876.3649196,29.82708934,527.2356,43.47306034,9.088607595,294.8641943,0
성수1가1동,2661.63989,203735.4417,449032.2867,224,1.43,403,2.57,15681,65,19.9,0.0001,19.9001,38.9,1,1,21.73626374,86.67,384.1658655,379.2975672,28.026534,668.2149,9.058515699,10.91208791,365.6073088,0
성수1가2동,1622.8775,203857.1682,449945.053,0.0001,0.0001,0.0001,0.0001,12134,0.0001,0.0001,0.0001,15.9,43.5,0.0001,0.0001,25.75,100,560.3843906,535.4161052,18.47826087,318.4945,19.66634241,10.375,317.3403271,0
성수2가1동,2206.738947,204888.2601,448540.4155,244,1.62,0.0001,0.0001,15079,69,4.5,1.3,5.8,34.2,1,0.0001,20.05263158,35.71,837.4058331,307.2963559,31.31313131,728.8914,4.237262357,7.105263158,296.0612503,0
성수2가3동,1586.364375,205132.8927,449563.4551,0.0001,0.0001,0.0001,0.0001,10312,0.0001,0.0001,0.0001,18.3,34.2,0.0001,0.0001,20.625,96,793.0627817,774.6318454,17.04834606,256.5989,10.82820513,11.75,178.2315859,1
송정동,1074.204,205678.5441,450318.7984,0.0001,0.0001,0.0001,0.0001,10131,0.0001,0.0001,0.0001,10.5,50.3,0.0001,0.0001,16.33333333,0,1481.364364,1126.234443,41.73764906,761.7048,18.62582345,7.4,667.2092859,0
용답동,902.87,205078.0167,451044.6777,0.0001,0.0001,0.0001,0.0001,13013,0.0001,0.0001,0.0001,10.2,50.3,0.0001,0.0001,24,62.71,1205.647748,1144.423297,41.8138987,462.5786,19.11695685,10,555.6235789,0
왕십리도선동,1674.960838,202615.4891,451924.4278,0.0001,0.0001,476,1.78,26739,0.0001,0.0001,0.0001,38.3,40.7,0.0001,1,10.68263473,100,297.90929,1053.149242,39.62075848,486.2451,21.96835443,11.00598802,155.5419538,1
금호2·3가동,1671.732077,201764.5011,450209.4229,0.0001,0.0001,0.0001,0.0001,22130,0.0001,0.0001,0.0001,9.5,36.7,0.0001,0.0001,14.21538462,100,430.0331546,586.3075089,27.66631468,298.4175,70.92142857,9.653846154,198.729733,0
옥수동,1956.502723,201818.9435,449037.7969,632,2.46,0.0001,0.0001,25650,193,20.7,2.7,23.4,36.7,1,0.0001,16.90178571,100,1160.915249,461.5427795,25.38190364,319.0944,41.56241299,8.973214286,327.6325598,0
화양동,1022.971379,206485.7872,449308.5035,505,1.83,966,3.49,27645,163,3,0.8,3.8,43.8,1,1,10.17241379,82.98,675.0238978,761.6394638,27.27272727,301.6172,19.93148576,8.551724138,216.1520184,0
군자동,1024.446875,206513.0044,450393.7304,0.0001,0.0001,0.0001,0.0001,21465,0.0001,0.0001,0.0001,10.5,43.8,0.0001,0.0001,19.0625,33.33,923.6300181,1031.537458,36.56957929,398.8279,20.82783883,8.875,189.3474345,0
중곡2동,850.808,207473.0347,451045.6339,0.0001,0.0001,0.0001,0.0001,20882,0.0001,0.0001,0.0001,65.2,42.6,0.0001,0.0001,11,38.71,991.5334304,991.5334304,40.06514658,275.7479,23.46633826,6.4,86.09290953,0
중곡3동,889.246,207245.8333,452044.5341,0.0001,0.0001,0.0001,0.0001,16008,0.0001,0.0001,0.0001,3.2,63.3,0.0001,0.0001,37.4,100,978.5625468,741.856373,40.8266129,547.4413,21.51708767,6,456.6078123,0
중곡4동,776.4014286,208348.5637,451597.5394,579,2.07,719,2.57,28006,190,16.6,17.7,34.3,53.6,1,1,22.14285714,23.81,765.98733,606.0696689,42.83604136,423.1063,123.5684582,6.428571429,544.558496,0
능동,710.94,207227.4795,450122.1804,0.0001,0.0001,0.0001,0.0001,11496,0.0001,0.0001,0.0001,1.5,43.8,0.0001,0.0001,20,0,349.2518134,349.2518134,32.35294118,790.6966,24.37541254,2,261.724859,0
구의1동,1558.718,207599.2407,449114.0432,471,1.98,606,2.54,23833,141,0.0001,1.2,1.2001,62.1,1,1,5,66.67,320.5119949,204.8035483,35.94909862,692.5016,31.23003195,13.7,285.0155116,1
구의2동,1448.435417,208382.0242,450180.2276,0.0001,0.0001,0.0001,0.0001,26230,0.0001,0.0001,0.0001,6.5,42.6,0.0001,0.0001,6.583333333,61.9,587.7388055,537.3370941,40.05328597,646.8412,63.43603133,6.25,189.4762503,0
구의3동,1495.888167,208327.5272,448610.199,0.0001,0.0001,0.0001,0.0001,28072,0.0001,0.0001,0.0001,1.2,62.1,0.0001,0.0001,26.16666667,76.67,636.485631,500.4106647,24.30379747,372.899,21.6831421,13.99166667,145.5570651,1
광장동,1581.237548,209253.4593,449817.0403,893,2.61,1069,3.12,34210,276,10.6,2.6,13.2,49.2,1,1,27.84134615,100,450.8240289,320.4746575,16.50485437,521.4859,72.14916048,10.51923077,329.0117654,0
자양1동,1403.872174,207110.823,448457.2699,0.0001,0.0001,0.0001,0.0001,22745,0.0001,0.0001,0.0001,6,43.8,0.0001,0.0001,7.956521739,100,626.292895,507.8112459,41.93548387,452.6037,21.04126984,12.2173913,534.6577559,1
자양2동,1352.80175,207314.4872,447737.4286,374,1.56,480,2,23949,105,2.8,1.5,4.3,38,1,1,24.95,92.31,415.9672377,333.2224881,34.36123348,842.2243,12.15038002,9.4,309.5656398,0
자양3동,1499.758832,206277.1482,447987.8585,686,2.49,852,3.09,27543,208,10.3,1.9,12.2,38.1,1,1,23.21167883,59.65,348.6059885,368.3104529,19.14153132,448.4069,7.346877351,12.42335766,370.8500782,1
자양4동,1457.443529,205623.141,448251.9852,289,1.23,0.0001,0.0001,23405,86,2.9,0.0001,2.9001,38.1,1,0.0001,21.29411765,25.42,689.5780675,274.0601956,39.26229508,281.3134,5.558441558,9.647058824,338.3616933,0
회기동,997.1464706,204549.229,454906.8124,429,3.14,548.5,4.02,13653,135,26.7,1.7,28.4,54.6,1,1,17.70588235,100,348.258747,377.8392997,18.92473118,1318.8828,61.31492362,8.911764706,194.5009605,0
휘경1동,1180.425957,205528.7025,454711.8853,0.0001,0.0001,0.0001,0.0001,16179,0.0001,0.0001,0.0001,10.6,61.9,0.0001,0.0001,8.234042553,100,822.4680919,692.1146147,22.13438735,1586.3881,25.73356401,11.89361702,219.4308057,1
휘경2동,920.44,205813.6148,454122.2877,387,1.54,447,1.78,25163,125,11.8,2.4,14.2,38.9,1,1,21.52688172,91.67,371.0560645,376.2087871,21.00409836,1526.9493,24.64882401,11.77419355,185.239778,1
청량리동,905.2774419,203993.4924,454365.3795,421,2.18,795,4.11,19347,115,12.2,1.4,13.6,58.5,1,1,35.13953488,0,501.71751,434.4723681,45.05966587,582.4678,31.61285501,8,449.5025192,0
용신동,1262.288095,202866.856,452890.8063,346,0.86,798,1.99,40088,100,35.5,2.8,38.3,56.1,1,1,9.607142857,88,773.0534323,638.6192423,35.47802447,339.8366,23.67668336,8.779761905,251.4588463,0
제기동,979.9385455,203287.9528,453799.9045,216,0.85,0.0001,0.0001,25501,75,9.8,3.3,13.1,52.6,1,0.0001,22.23636364,4.17,686.3870742,289.251745,38.18090955,271.9021,25.57011494,8.509090909,376.8458134,0
전농1동,1417.475137,204500.9045,453297.717,0.0001,0.0001,0.0001,0.0001,32897,0.0001,0.0001,0.0001,13.6,44.2,0.0001,0.0001,9.226027397,30,794.7212491,317.8197659,40.03013561,668.9859,26.11446741,9.917808219,378.5343752,0
전농2동,1021.76186,205398.5679,453462.3343,436,2.37,641.5,3.48,18432,132,7.5,0.8,8.3,52.5,1,1,22.48837209,100,492.7551154,431.1315393,36.53421634,1322.9621,39.51478743,10.63953488,151.3774263,0
답십리2동,1033.222047,205392.0162,452361.5376,0.0001,0.0001,0.0001,0.0001,27854,0.0001,0.0001,0.0001,11.2,44.2,0.0001,0.0001,20.14619883,100,1218.875085,850.2230269,38.45628415,809.2754,29.57625384,9.50877193,393.3646124,0
장안1동,912.774031,206053.6804,451857.9846,726,1.91,0.0001,0.0001,38032,223,9.6,0.9,10.5,63.3,1,0.0001,15.52713178,94.67,1157.775867,537.6397247,29.47494033,820.6651,20.21409396,9.914728682,369.9597634,0
장안2동,1043.314343,206366.6105,452901.9268,520,1.57,915,2.77,33020,170,7,0.0001,7.0001,63.3,1,1,15.36363636,80.77,481.2827636,430.1794678,28.97684839,1101.8322,20.13963964,11.70707071,280.9225324,1
이문1동,983.9934783,205338.203,455312.7315,0.0001,0.0001,0.0001,0.0001,21488,0.0001,0.0001,0.0001,6.7,61.9,0.0001,0.0001,19.65217391,100,1071.045497,1020.206192,29.94413408,1300.1304,41.90525409,11.82608696,239.7319542,1
이문2동,950.75,205962.2905,455920.7084,0.0001,0.0001,0.0001,0.0001,19935,0.0001,0.0001,0.0001,14.1,39.7,0.0001,0.0001,21.02803738,100,915.0578868,688.8690134,35.33270853,944.9123,18.22292191,13.42990654,617.2184526,1
답십리1동,1244.35123,204582.8108,452416.4242,470,1.66,0.0001,0.0001,28284,162,8.4,2,10.4,44.2,1,0.0001,9.734126984,85.71,1141.792632,395.7741583,31.34040501,424.3979,22.72883295,10.77777778,391.2154783,0
면목2동,796.4513514,206874.8243,454416.8139,0.0001,0.0001,0.0001,0.0001,24001,0.0001,0.0001,0.0001,17.7,38.9,0.0001,0.0001,25.37837838,97.56,757.591421,619.4174653,35.90992088,963.9895,19.36459555,7.054054054,477.8232809,0
면목4동,956.9275926,207541.7787,452678.2944,466,2.52,0.0001,0.0001,18490,152,3.2,0.0001,3.2001,63.3,1,0.0001,19.09259259,100,865.5072972,409.0185691,48.14509481,439.3521,33.6684435,9.518518519,649.4777895,0
면목5동,1273.602712,206967.3026,453665.5186,0.0001,0.0001,0.0001,0.0001,14740,0.0001,0.0001,0.0001,17.7,38.9,0.0001,0.0001,3,100,690.6686638,690.6686638,33.49206349,686.1559,15.87212276,15.94915254,229.8570973,1
면목7동,999.8848148,208197.2804,453069.6308,0.0001,0.0001,0.0001,0.0001,21557,0.0001,0.0001,0.0001,2.3,40.5,0.0001,0.0001,15.59259259,80,714.6640755,484.8764133,32.15785055,499.5146,61.78581871,7.148148148,522.533282,0
상봉1동,852.5,207898.2596,455797.6336,705,3.02,598,2.56,23353,229,3.9,0.5,4.4,46.4,1,1,23.64893617,85.71,395.3399424,232.7959218,44.55100262,916.2728,59.54516807,11.80851064,377.2456793,1
상봉2동,1230.3176,207419.7319,454975.973,0.0001,0.0001,0.0001,0.0001,20760,0.0001,0.0001,0.0001,6.9,41.3,0.0001,0.0001,6.2,100,782.8580808,682.0503793,33.93339334,317.0475,22.35066667,10.32,165.2658776,0
중화1동,1009.745,207335.5058,455894.2748,405,2.14,547,2.89,18908,121,4.1,1.4,5.5,41.3,1,1,25.02083333,18.37,833.400756,397.2686616,32.85272915,400.1276,33.64780764,14.5625,466.9416992,1
중화2동,615.4253846,206625.6547,455514.7849,0.0001,0.0001,0.0001,0.0001,24326,0.0001,0.0001,0.0001,6.9,41.3,0.0001,0.0001,11.61538462,59.18,1058.179192,783.9739151,44.06779661,807.1573,19.69584439,11.23076923,229.0483738,1
묵1동,834.1505882,207286.9375,457129.5753,664,1.96,667,1.97,33935,203,5.6,2.3,7.9,49.1,1,1,18.57352941,96.34,432.8478854,379.5909783,29,347.449,26.43396226,8.897058824,335.7757504,0
묵2동,754.3315385,206588.7986,456807.1426,0.0001,0.0001,0.0001,0.0001,18323,0.0001,0.0001,0.0001,14.1,39.7,0.0001,0.0001,18.53846154,88.89,776.4562217,705.827018,35.52014995,334.503,17.0916442,6.615384615,424.7744713,0
망우3동,707.6566667,209081.5161,454707.2101,359,2.23,568,3.53,16078,112,0.0001,0.0001,0,52.8,1,1,12,56.36,133.5438803,133.5438803,46.97088906,1052.7707,48.89292365,5.333333333,309.2310172,0
신내1동,727.0953968,209185.8084,457068.6272,0.0001,0.0001,0.0001,0.0001,37938,0.0001,0.0001,0.0001,5.9,51.9,0.0001,0.0001,22.84126984,100,634.4773859,676.189484,41.3559322,854.4921,47.57908847,9.904761905,413.1483907,0
신내2동,900.8263158,208086.6421,456825.9165,0.0001,0.0001,0.0001,0.0001,19774,0.0001,0.0001,0.0001,5.7,49.4,0.0001,0.0001,27.24210526,33.33,564.042772,690.5079165,41.67938931,629.1663,48.3165183,8.273684211,232.6324454,0
면목본동,909.0802667,207894.0847,454309.9149,0.0001,0.0001,0.0001,0.0001,33550,0.0001,0.0001,0.0001,0,52.8,0.0001,0.0001,2.293333333,68.1,729.0743887,604.4489668,39.27754915,292.0049,22.10223642,4.853333333,251.5071686,0
망우본동,770.8288095,209487.9659,455844.9424,284,0.77,649.5,1.76,36895,97,2.9,1.5,4.4,55.7,1,1,16.5,93.62,434.9958144,291.8197914,43.07557886,1150.8689,45.48913376,7.30952381,159.3742316,0
돈암1동,990.4882524,202154.5211,455575.5768,552,3.84,0.0001,0.0001,14376,174,24,4.2,28.2,50.2,1,0.0001,28.45631068,100,717.6533228,469.9758326,56.58602151,333.9427,46.57431193,7.300970874,367.4796698,0
돈암2동,887.1227976,201024.4632,455279.0955,0.0001,0.0001,0.0001,0.0001,23547,0.0001,0.0001,0.0001,3,54.5,0.0001,0.0001,22.38095238,100,554.1020813,303.39543,37.04292528,615.0655,90.92361111,9.196428571,94.85009436,0
안암동,663.5033333,202404.1427,454241.1395,170,0.98,853,4.94,17268,51,3.8,0.0001,3.8001,54,1,1,28.33333333,90.48,391.9734942,391.7552154,30.76923077,544.3438,62.27890268,3.583333333,534.0454466,0
보문동,1292.981587,201689.8129,453696.9289,0.0001,0.0001,0.0001,0.0001,16575,0.0001,0.0001,0.0001,5.5,53.6,0.0001,0.0001,9.412698413,57.14,473.5351766,562.6449673,33.24708926,279.1625,44.09313725,9.047619048,98.15112795,0
정릉1동,892.2174074,201499.5499,455967.061,0.0001,0.0001,0.0001,0.0001,18015,0.0001,0.0001,0.0001,23.8,50.2,0.0001,0.0001,19.42592593,100,592.6982604,622.2801314,37.67019667,757.4028,59.16923077,10.35185185,227.4467197,0
정릉2동,1146.797385,200750.5082,456010.8091,0.0001,0.0001,0.0001,0.0001,22815,0.0001,0.0001,0.0001,7.2,45.8,0.0001,0.0001,10.92307692,61.54,878.221868,844.7011626,35.80705009,1149.3258,85.74159147,8.030769231,576.0570553,0
정릉3동,733.522,199522.3005,456945.5733,535,3.22,681,4.1,16628,158,5.5,2.7,8.2,45.8,1,1,22.4,0,726.2497187,526.4349445,50.49407115,1546.2907,197.7894452,12,350.1187406,1
정릉4동,804.0065421,199549.5224,458260.8787,0.0001,0.0001,728,2.97,24516,0.0001,0.0001,0.0001,12.7,59.2,0.0001,1,19.41121495,0,568.0806063,563.6812904,39.26619828,1871.0984,286.2894886,8.757009346,857.7311177,0
길음1동,1096.671737,201743.2352,456515.8444,910,2.61,795,2.28,34903,308,17.2,6.6,23.8,50.2,1,1,17.15830116,100,304.7223824,549.663005,44.9197861,770.165,83.63092551,9.66023166,168.9822729,0
길음2동,1299.101583,202398.4861,456523.0268,0.0001,0.0001,0.0001,0.0001,21802,0.0001,0.0001,0.0001,54.1,44,0.0001,0.0001,8.223021583,100,491.4321045,380.0315297,52.40793201,440.5956,52.98461538,14.23741007,141.5842565,1
월곡1동,996.043806,203227.3924,456473.0139,674,2.61,0.0001,0.0001,25799,223,9.1,3,12.1,50.1,1,0.0001,18.5,94.12,571.0955257,412.7789983,46.98596201,737.2629,45.91358025,10.44776119,409.8776708,0
월곡2동,938.5309804,204009.1622,455962.0428,510,2.61,0.0001,0.0001,19531,177,1.1,3.7,4.8,50.1,1,0.0001,19.34313725,25,881.1548766,415.5288156,47.57383966,303.1073,51.03157895,11.38235294,533.1485214,1
장위1동,1300.700714,203942.5896,457279.6901,634,2.69,0.0001,0.0001,23607,183,13.3,1.8,15.1,50.1,1,0.0001,1.696428571,100,1110.178215,546.649325,57.42251223,1119.3225,57.04336735,12.78571429,458.4703286,1
장위2동,1101.74125,204582.1317,456974.5486,0.0001,0.0001,0.0001,0.0001,13362,0.0001,0.0001,0.0001,19.2,50.1,0.0001,0.0001,4.333333333,77.78,1116.992916,565.3715138,53.79609544,295.2299,39.12894737,6.458333333,382.9050559,0
장위3동,1124.657039,204718.8634,457630.7331,474,3.03,0.0001,0.0001,15663,164,19.2,0.0001,19.2001,66.3,1,0.0001,4.375,0,1035.909979,450.1743777,50.19157088,1085.3176,36.84689655,13.5,469.9553133,1
성북동,907.8328571,199481.8225,455234.7187,350,2.12,291,1.76,16503,98,8.6,2.8,11.4,54.5,1,1,24,0,558.2065921,410.7090981,25.64102564,575.3851,170.0289629,7.714285714,353.3940134,0
삼선동,1018.386286,201033.9592,454110.5579,414,1.81,571.5,2.5,22824,140,2.1,3.4,5.5,46.1,1,1,14.22857143,52.17,304.2941012,359.7135764,37.63066202,396.6477,52.29097963,7.485714286,506.0256477,0
동선동,943.0245455,201635.1538,454898.2159,600,3.76,607,3.8,15973,194,7.6,7.1,14.7,47.9,1,1,16.72727273,100,653.6671144,482.2576743,33.43605547,454.7474,58.20947631,7.181818182,384.0522302,0
종암동,1021.282564,202990.6831,455319.4683,546,1.37,677,1.7,39766,163,11.6,2,13.6,52.6,1,1,18.38461538,100,864.9555167,687.4962008,40.67887931,527.1166,50.16709347,10.83760684,365.7221946,0
석관동,1031.827285,205417.7467,456523.4662,548,1.58,660,1.9,34695,177,11.4,2.7,14.1,39.7,1,1,16.91390728,81.48,477.823728,464.2649193,42.29804315,501.8849,24.75421053,9.258278146,455.1673364,0
번1동,981.256,202701.7863,459771.7438,345,1.92,0.0001,0.0001,17963,114,7.1,4.5,11.6,50.1,1,0.0001,10.50434783,64.06,839.1661519,707.9433602,36.03976802,307.8706,38.12787356,9.408695652,388.2407202,0
번2동,706.852,203067.0476,458876.3312,487,3.25,0.0001,0.0001,14994,161,8,2.3,10.3,50.1,1,0.0001,10.25714286,61.11,841.6041704,214.2243501,53.99408284,905.5867,56.76965772,6.742857143,235.9861673,0
번3동,794.4836538,203724.0762,458232.7624,0.0001,0.0001,0.0001,0.0001,16420,0.0001,0.0001,0.0001,10.3,66.3,0.0001,0.0001,27.73076923,0,713.6066914,533.5572869,66.78466077,1480.9134,52.18838174,8.346153846,513.744001,0
수유1동,700.5885714,200884.2998,458903.4192,395,1.96,620,3.07,20200,130,10.8,1.9,12.7,36.3,1,1,11.9047619,75,754.6474491,762.5601015,39.06142167,628.2714,136.9498638,7.666666667,216.0459112,0
수유2동,735.4603571,201708.986,460644.3716,0.0001,0.0001,0.0001,0.0001,20697,0.0001,0.0001,0.0001,12.3,38.2,0.0001,0.0001,23.5,41.18,937.9317236,651.2641661,37.40515933,974.045,41.46450617,6.142857143,341.7692864,0
수유3동,817.9446154,202069.4939,460098.3368,387,1.62,0.0001,0.0001,23954,121,5.3,0.0001,5.3001,38.2,1,0.0001,8.307692308,100,1126.301179,445.3990347,37.64186633,521.7352,41.61158022,6.923076923,229.9408785,0
삼양동,845.3079487,201317.9687,458245.038,438,1.94,513,2.27,22622,143,6.7,3,9.7,40.4,1,1,7.393162393,0,401.6070283,0,40.36923077,1135.8108,105.2930187,0.0001,0,0
미아동,850.6532143,202329.4379,458782.3121,319,1.48,1007,4.67,21546,105,29.8,0.0001,29.8001,50.1,1,1,3.696428571,97.44,438.3827995,340.7464795,36.28981886,318.2116,47.24171123,9.246124031,339.6338637,0
송중동,994.9186441,202911.9432,457564.8722,466,1.59,922,3.15,29296,153,0.7,6,6.7,50.1,1,1,8.762711864,53.57,474.4286726,0,34.64705882,632.2947,49.81407035,0.0001,0,0
삼각산동,901.8679008,201458.9016,457507.5515,984,3.2,584,1.9,30716,352,20.9,5.6,26.5,34.6,1,1,16.65648855,100,363.3836702,0,52.37691002,1256.0713,90.25792507,0.0001,0,0
우이동,529.822381,200042.9727,462301.4758,346,1.73,0.0001,0.0001,20000,118,19.4,0.8,20.2,38.2,1,0.0001,22.28571429,0,974.1941071,410.9910007,31.63841808,1984.8013,269.0731875,4.714285714,1027.406217,0
인수동,578.1035294,200313.2018,459754.4574,435,1.48,0.0001,0.0001,29361,136,4.8,1.4,6.2,36.3,1,0.0001,26.41176471,16.67,1131.625907,480.6889172,35.62352941,1036.2701,183.7730518,8.235294118,635.887714,0
쌍문1동,574.2328,201722.1537,461493.1912,289,1.37,459,2.18,21085,93,9.2,3.1,12.3,38.2,1,1,27.76,0,486.216037,440.4698975,41.17132867,1033.1244,60.51871658,6.52,462.6871216,0
쌍문2동,641.2945455,203257.618,461942.1327,503,2.78,0.0001,0.0001,18082,137,13.1,1.5,14.6,64.9,1,0.0001,30.6,100,649.7565221,197.6674635,39.01639344,970.0541,43.23193277,6.909090909,203.0025881,0
쌍문3동,774.188125,202699.402,460893.4667,507,3.04,0.0001,0.0001,16651,167,7.8,0.6,8.4,52.1,1,0.0001,26.8125,100,658.2057022,329.9486704,38.29568789,514.7843,52.48479428,7.625,367.4028589,0
쌍문4동,678.6361957,202684.3777,461755.3927,509,2.81,906.5,5,18120,165,12,3.5,15.5,58.5,1,1,32.34782609,100,400.2625719,350.0032484,24.03100775,994.7002,49.75444265,7.891304348,367.4512257,0
방학1동,774.9788732,203835.9604,462823.0744,695,2.48,0.0001,0.0001,28005,209,11.6,8.2,19.8,49.5,1,0.0001,19.38028169,68.97,854.3411592,434.6278144,41.41656663,1150.6766,40.01633706,8.788732394,214.1668165,0
방학2동,704.105,202884.2254,463282.3779,398,2.12,0.0001,0.0001,18739,132,4.1,2.5,6.6,64.9,1,0.0001,7,0,1443.119059,427.0549865,53.55297158,1909.9255,72.08161583,3,636.2545853,0
방학3동,632.8956863,202079.0371,462616.5628,426,1.63,0.0001,0.0001,26155,128,8.8,1.2,10,64.9,1,0.0001,31.37908497,100,494.8556181,367.5223014,19.33867735,1420.1,100.820868,7.202614379,291.1530722,0
창1동,973.681626,203842.6858,460830.4096,580,2.39,1042,4.3,24224,172,9.9,2.4,12.3,45.2,1,1,30.58536585,100,398.1484589,371.0704888,22.89452167,788.5081,42.01522436,7.666666667,553.2784313,0
창2동,767.1325926,203244.9739,460321.9047,0.0001,0.0001,0.0001,0.0001,28468,0.0001,0.0001,0.0001,8.4,45.2,0.0001,0.0001,25.5,100,1007.55516,631.9807978,33.92581144,781.8002,42.37001376,8.666666667,112.2474232,0
창3동,674.745625,203682.773,459742.9692,0.0001,0.0001,0.0001,0.0001,13297,0.0001,0.0001,0.0001,11.6,45.2,0.0001,0.0001,23.6875,68.75,953.8564066,731.8483917,46.35761589,1238.0278,42.19452055,6.0625,497.8484409,0
창4동,968.2458919,204492.5071,461454.9536,364,1.39,640,2.44,26281,120,14.1,6.3,20.4,48.9,1,1,31.08648649,98.18,283.2213191,399.4495658,16.2962963,713.0562,33.88370253,8.832432432,730.4455899,0
창5동,957.6595294,203775.8178,461749.4754,0.0001,0.0001,0.0001,0.0001,24022,0.0001,0.0001,0.0001,14.6,45.2,0.0001,0.0001,26.54117647,68.42,527.9904995,520.7685494,24.4648318,730.888,39.21309371,9.611764706,259.7960862,0
도봉1동,579.9795,202363.78,465073.0577,436,2.16,0.0001,0.0001,20209,134,6.9,3.5,10.4,37.4,1,0.0001,30.85,100,857.4690142,370.2911763,40.9733124,840.383,231.7504078,5.75,651.3399484,0
도봉2동,651.3303867,204207.9211,464622.4133,401,1.53,403,1.54,26156,128,4.4,1.5,5.9,37.4,1,1,27.0718232,100,521.1659547,465.6372734,35.33610946,640.1229,41.46672662,8.82320442,180.7560271,0
월계1동,860.6617143,205140.7889,458033.9954,328,1.54,0.0001,0.0001,21299,99,14.3,0.7,15,66.3,1,0.0001,26.31428571,58.33,963.8078141,464.7690997,23.1441048,707.9866,40.04312449,8.4,623.1418227,0
월계2동,878.3263529,204527.7045,459374.665,337,1.31,561,2.19,25643,101,1.8,1.8,3.6,52.4,1,1,18.94117647,0,414.9584874,384.4781025,36.00377003,1528.9827,54.13450292,8.352941176,726.209157,0
월계3동,1147.862284,205715.2327,458315.1633,451,1.56,0.0001,0.0001,28889,136,1.4,3.5,4.9,66.3,1,0.0001,30.39655172,100,1162.337611,913.8551143,30.08036739,579.1182,22.91705069,9.456896552,279.1777789,0
공릉2동,907.6601914,208325.4432,459116.6593,643,1.52,456,1.08,42361,187,3.7,4.4,8.1,59.6,1,1,20.75119617,96.43,755.3478809,360.2042398,14.12546739,576.09,61.35844471,8.899521531,387.6532712,0
하계1동,972.3194059,206625.6187,459880.186,916,3.43,841,3.15,26723,261,6.5,6.3,12.8,65.9,1,1,32.3960396,100,508.9616216,319.1435879,45.45069826,395.4214,33.72356763,7.712871287,301.3840584,0
하계2동,962.3239216,205734.2779,459494.6809,857,4.01,0.0001,0.0001,21369,265,6.6,7,13.6,63.7,1,0.0001,32.10784314,100,952.2227303,336.5212275,18.09478219,365.2934,15.40143369,8.931372549,423.2758004,0
중계본동,913.9572642,207591.2711,461003.7412,0.0001,0.0001,789.5,3.41,23131,0.0001,0.0001,0.0001,15.4,43.4,0.0001,1,28.33962264,100,253.3524645,617.3429097,13.7463698,1358.7594,98.55375427,7.08490566,346.3670837,0
중계1동,1091.428042,206503.9275,461171.4949,764,2.89,1048,3.97,26425,220,5.9,5.5,11.4,55,1,1,27.97916667,0,416.259425,227.3422921,28.09405941,911.2848,37.48201439,8.708333333,272.2461783,0
중계4동,830.0041905,207280.9416,462194.8878,654,3.39,865,4.48,19306,207,4.4,4.3,8.7,51.3,1,1,28.85714286,68.75,427.8700313,260.9564831,56.75276753,548.399,112.5822935,8.99047619,342.251982,0
상계1동,749.7344444,205743.7187,464859.9536,425,1.15,531,1.44,36995,126,7.4,4.3,11.7,51.4,1,1,24.07070707,82.14,574.792253,322.3297107,30.70787637,456.0153,134.0559547,7.97979798,395.0812493,0
상계2동,846.8608108,205920.9071,461892.7878,514,2.67,0.0001,0.0001,19266,155,4.6,2.6,7.2,58,1,0.0001,20,62.5,586.1282985,306.2532245,9.245094779,453.688,35.41690544,10.94594595,366.2981596,0
상계5동,761.7469091,206175.8976,462931.6318,0.0001,0.0001,0.0001,0.0001,23157,0.0001,0.0001,0.0001,2.1,54.8,0.0001,0.0001,33.29090909,100,588.8864686,493.5044265,25.82139848,442.9922,88.74151697,7.963636364,131.8807264,0
상계8동,953.9869421,204720.6137,462987.8177,521,2.38,537,2.45,21892,152,3.5,2.3,5.8,49.5,1,1,35,100,433.1086154,291.9292276,6.576402321,383.8873,42.88394062,8.363636364,755.4021494,0
상계9동,900.0744604,205486.0892,463107.6476,498,2.52,990,5.01,19751,159,1.9,1,2.9,49.6,1,1,34.61151079,100,363.529983,244.2139083,6.071428571,481.9889,54.88567839,7.079136691,471.4890292,0
상계10동,1094.283209,205151.6002,462232.6136,537,2.94,775,4.25,18246,168,1.7,0.0001,1.7001,58,1,1,30.17164179,100,281.0923383,384.7145373,5.080831409,387.5414,39.15376106,9.223880597,406.0774941,0
상계3·4동,902.9561468,207429.6158,464017.0735,0.0001,0.0001,0.0001,0.0001,27606,0.0001,0.0001,0.0001,3.7,51.3,0.0001,0.0001,16.53211009,94.74,644.9545141,470.7494694,41.93011647,414.822,187.4171181,9.495412844,309.7955761,0
상계6·7동,1128.098053,205303.8873,461005.5299,395,1.25,741,2.35,31565,119,2.3,3.2,5.5,50.7,1,1,34.77876106,96.12,508.9848585,192.3891403,23.03552207,426.7773,26.9585396,0.0001,540.3988023,0
중계2·3동,1005.451648,205815.5154,460426.3158,619,1.9,856,2.62,32618,180,5.9,6.2,12.1,50.6,1,1,32.51136364,100,525.1392074,310.1835068,63.24750831,298.6034,25.43792766,7.534090909,408.5012236,0
공릉1동,870.1731618,206404.9969,458292.8227,0.0001,0.0001,0.0001,0.0001,36683,0.0001,0.0001,0.0001,3.9,68,0.0001,0.0001,19.94117647,100,1111.677784,575.0928845,58.98648649,374.542,20.50536865,10.02941176,336.3672537,0
녹번동,1208.478966,194222.8186,456194.0076,0.0001,0.0001,0.0001,0.0001,36511,0.0001,0.0001,0.0001,6.5,45,0.0001,0.0001,7.875862069,98.8,1466.303022,1191.20832,31.90348525,363.2685,49.34439417,10.04137931,833.4042226,0
불광1동,1027.972936,194584.3798,457477.1133,0.0001,0.0001,0.0001,0.0001,37694,0.0001,0.0001,0.0001,8.4,45,0.0001,0.0001,15.33944954,100,864.5138506,968.9081591,35.35130358,427.2893,140.1009201,7.119266055,220.2612233,0
갈현1동,725.5477778,192473.1733,458402.6365,0.0001,0.0001,0.0001,0.0001,14644,0.0001,0.0001,0.0001,2.4,34.2,0.0001,0.0001,21.22222222,100,304.5931688,304.5931688,40.75342466,884.6573,103.9534392,6,411.3965008,0
갈현2동,574.9506977,192270.7627,457602.1539,483,1.74,880,3.18,27714,142,1.4,1.1,2.5,50.1,1,1,29.8372093,0,225.4798005,225.4798005,33.8996139,696.2004,67.23542601,7.697674419,314.1039884,0
구산동,657.4945833,191815.8676,456835.4946,594,1.88,642.5,2.03,31663,187,1.2,1.9,3.1,56.1,1,1,15.6875,100,340.7969434,325.5025514,36.16418967,1026.0526,68.02867715,6.791666667,493.4565305,0
대조동,1235.158296,193215.0792,456966.01,0.0001,0.0001,871,3.14,27758,0.0001,0.0001,0.0001,3.8,45,0.0001,1,2.803858521,98,290.4692406,1037.4879,34.26616915,409.5458,29.30453109,14.1221865,189.6566982,1
응암1동,1213.059005,193559.1777,455421.729,674,2.04,0.0001,0.0001,32969,228,4.8,1.7,6.5,61.9,1,0.0001,5.711442786,42.86,1598.412481,628.5339677,29.11010558,414.456,31.04769604,8.890547264,849.0639918,0
응암2동,1098.153233,193190.4078,454728.1097,0.0001,0.0001,0.0001,0.0001,27544,0.0001,0.0001,0.0001,6.5,43.6,0.0001,0.0001,5.870689655,96,790.1898095,441.6650658,42.64069264,756.0774,33.24670659,9.978448276,446.0043962,0
신사1동,789.3030508,191920.3424,455511.3603,347,1.3,0.0001,0.0001,26688,112,0.0001,2.1,2.1001,50.3,1,0.0001,17.38983051,40,843.021632,553.3313631,27.44588745,594.0881,51.41499331,7.169491525,307.8552728,0
신사2동,673.403,191715.9442,454814.055,338,1.77,1040,5.44,19101,98,2.3,1.1,3.4,47.8,1,1,23.26666667,100,427.2273517,359.4841975,32.82364934,604.8537,71.89514349,6.966666667,401.6900836,0
증산동,1136.07375,191692.1536,453845.6199,306,1.66,0.0001,0.0001,18415,105,2.2,1,3.2,47.8,1,0.0001,13.5625,0,943.4388453,275.7901397,27.27272727,340.7878,57.03125,7.71875,322.8557879,0
수색동,1114.028713,190684.7011,454008.7062,0.0001,0.0001,0.0001,0.0001,20560,0.0001,0.0001,0.0001,13.6,33.2,0.0001,0.0001,11.38613861,83.33,809.8540674,588.7682396,42.59259259,1040.0191,55.85598142,8.554455446,753.0753837,0
진관동,988.4626852,194512.2313,460008.5402,1171,2.14,670.33,1.23,54607,386,4.4,1.2,5.6,47.4,1,1,11.90277778,75,542.2076314,599.4394228,36.51804671,810.0211,111.8821458,8.217592593,1632.016139,0
불광2동,943.6225,193705.6096,458299.9671,420,1.56,0.0001,0.0001,26972,118,3.3,1.4,4.7,34.2,1,0.0001,12.375,83.33,871.3183932,374.559508,40.3691434,377.2334,62.56471346,7.125,347.5009426,0
응암3동,745.2630769,192718.3529,454377.0012,766,3.22,1048,4.4,23822,258,4.3,2.4,6.7,43.6,1,1,21.23076923,43.28,738.3686202,601.4348394,36.22892182,483.3288,18.14779499,7.076923077,324.8973154,0
역촌동,643.7908696,192460.7925,456113.7552,0.0001,0.0001,0.0001,0.0001,44207,0.0001,0.0001,0.0001,3.8,61.9,0.0001,0.0001,19.2173913,14.29,678.5627397,566.7994448,35.60869565,498.658,35.18815052,5.434782609,366.8659659,0
천연동,1236.299451,196170.7589,452420.6077,241,1.44,375,2.23,16789,73,15.5,4.1,19.6,76.9,1,1,20.1978022,100,360.3828233,477.0863413,38.23814134,496.7346,98.79139982,8.538461538,661.0378704,0
홍제1동,1052.23916,195081.9581,453762.3946,0.0001,0.0001,0.0001,0.0001,24959,0.0001,0.0001,0.0001,6.9,60.2,0.0001,0.0001,22.31932773,86.67,992.0779718,683.905149,24.93723849,375.5363,73.12099125,8.495798319,373.0084862,0
홍제3동,791.9063333,195737.3188,454760.1473,380,2.13,0.0001,0.0001,17842,113,3.6,1.2,4.8,47.4,1,0.0001,21.06666667,100,1167.867957,334.3862315,33.77609108,715.1705,74.7291823,7.933333333,507.6949076,0
홍제2동,967.2495455,195805.7261,453871.0171,0.0001,0.0001,0.0001,0.0001,13281,0.0001,0.0001,0.0001,4.8,41,0.0001,0.0001,28,100,1020.286083,829.4612915,20.85635359,301.4604,89.30569948,8.318181818,361.066663,0
홍은1동,899.3462252,195310.3979,455664.4998,0.0001,0.0001,0.0001,0.0001,22410,0.0001,0.0001,0.0001,4.8,47.4,0.0001,0.0001,18.03311258,100,1160.273091,767.8838694,31.07535986,790.4374,121.7297146,8.894039735,346.8351193,0
홍은2동,689.8066667,194005.5706,454181.235,482,1.64,1256,4.27,29394,161,4.8,2.7,7.5,60.2,1,1,25.85714286,0,1030.182672,342.7733171,22.11764706,901.523,99.00130095,5.547619048,616.9092069,0
남가좌1동,1350.987218,192604.0217,452478.2512,0.0001,0.0001,0.0001,0.0001,16927,0.0001,0.0001,0.0001,18.3,37.2,0.0001,0.0001,9.511278195,0,641.8446772,539.1704826,30.40540541,1374.456,28.43609023,11.70676692,192.2297256,1
남가좌2동,1231.652203,193052.2341,453156.1792,721,2.37,0.0001,0.0001,30385,252,8,4.4,12.4,43.6,1,0.0001,14.59322034,57.14,820.3376801,344.6413264,36.33040936,1138.1011,37.41705069,9.197740113,190.1297556,0
북가좌1동,1270.92775,191881.5898,452878.3322,680,3.85,635,3.59,17678,213,14.2,4.1,18.3,37.2,1,1,14.5625,100,124.152225,199.8798092,30.5982906,702.8423,24.27586207,11.125,445.3245896,1
북가좌2동,879.5964865,192345.1738,453517.2931,0.0001,0.0001,0.0001,0.0001,31026,0.0001,0.0001,0.0001,1.8,43.6,0.0001,0.0001,21.72972973,26.09,509.3246914,312.3342557,34.62455304,801.139,22.65283843,7.27027027,255.2126571,0
충현동,1110.969412,196317.4436,451601.5977,326,1.62,488.5,2.42,20148,110,10.7,3,13.7,52.5,1,1,23.94117647,100,398.984555,398.9845549,31.50962513,183.08,95.09427881,10.05882353,435.2788754,0
북아현동,1586.245353,196025.8134,451085.6252,309,1.96,461,2.93,15756,96,3.3,0.0001,3.3001,57.1,1,1,10.45882353,0,283.3252918,283.3252918,33.1838565,288.8984321,64.12966601,9.2,413.0567893,0
신촌동,1092.955918,194838.4672,451617.3734,484,1.8,1092,4.07,26846,160,32.7,2.6,35.3,60.7,1,1,17.51020408,100,673.282649,543.6966611,18.73065015,332.4507,78.38925729,7.530612245,65.38847858,0
연희동,961.1398507,194062.9474,452522.8114,310,0.83,0.0001,0.0001,37188,92,7.7,1.8,9.5,60.2,1,0.0001,16.89552239,94.44,985.3512152,511.3793228,21.23056119,1297.3315,42.46715777,7.373134328,572.7438781,0
용강동,1894.080889,194892.9636,449114.8697,0.0001,0.0001,0.0001,0.0001,21642,0.0001,0.0001,0.0001,15.3,50.8,0.0001,0.0001,17,100,840.969056,741.6991758,29.81969487,421.9491,17.82821388,10.77777778,209.0979962,0
대흥동,1690.38959,194832.9698,450282.6335,437,2.69,495,3.04,16269,141,11.4,3,14.4,47.1,1,1,11.54918033,71.23,521.3101913,429.0182972,30.2189781,227.158,37.15256008,10.41803279,246.7496632,0
염리동,1900.221286,195367.6779,450041.0304,673,3.81,788,4.46,17664,210,20.6,5.2,25.8,42.9,1,1,9.835714286,100,315.0170288,291.6692392,30.95238095,489.7925,39.25508318,10.42857143,129.7258237,0
신수동,1725.852474,194237.5915,449573.3585,429,1.91,706,3.14,22496,127,12.9,3.4,16.3,50.8,1,1,12.98969072,100,394.7345261,293.0794375,20.53691275,438.8398,18.72460497,12.6185567,146.3555271,1
서교동,1224.21975,193013.9753,450583.3731,0.0001,0.0001,0.0001,0.0001,26359,0.0001,0.0001,0.0001,4.8,46.4,0.0001,0.0001,14.8,23.94,783.0957554,557.5714174,14.45221445,355.7748,17.26709402,11.525,52.00154822,1
합정동,1675.02375,191954.5575,449720.336,496,2.97,0.0001,0.0001,16717,135,9.1,2.1,11.2,46.4,1,0.0001,8.625,0,1051.492662,571.9953178,21.23893805,266.827,6.369109948,17.8125,222.764421,1
망원1동,1293.635263,191141.8364,450459.9433,0.0001,0.0001,0.0001,0.0001,19475,0.0001,0.0001,0.0001,7.7,46.4,0.0001,0.0001,13.36842105,0,1083.882196,1053.775565,26.71840355,641.1114,4.60130719,7.052631579,565.6269636,0
망원2동,1040.765098,191180.0101,451055.7331,0.0001,0.0001,0.0001,0.0001,18155,0.0001,0.0001,0.0001,7.7,46.4,0.0001,0.0001,15.96078431,0,1064.128538,764.904173,24.58333333,510.1294,7.305851064,6.039215686,475.2904994,0
연남동,1047.130769,193067.7263,451501.2204,337,2.22,638,4.2,15190,102,1.1,3.3,4.4,45.8,1,1,23.15384615,91.67,269.3473802,269.3473802,23.45679012,747.8362,20.35933148,5.384615385,219.4882562,0
성산1동,747.658,192211.3589,451389.2263,438,2.31,712,3.76,18947,137,6,0.3,6.3,46.4,1,1,17,66.67,286.5152557,266.91565,26.52777778,604.2318,20.5987395,5.6,475.4616084,0
성산2동,1398.465172,191339.3577,452092.2985,577,1.48,0.0001,0.0001,39099,162,6.7,2,8.7,37.2,1,0.0001,28.31609195,100,691.5305771,343.3766022,42.03208556,561.7048,23.07800454,8.597701149,595.6352322,0
상암동,1279.859661,189390.2438,452360.6715,1061,3.49,831,2.73,30414,351,11.4,2.2,13.6,33.2,1,1,17.33898305,100,662.1639138,515.3742938,39.5465995,1272.2738,8.484363457,8.686440678,1072.178256,0
도화동,1318.955856,195502.1839,448794.3829,0.0001,0.0001,0.0001,0.0001,20899,0.0001,0.0001,0.0001,23.6,42.9,0.0001,0.0001,23.72072072,26.32,670.9231119,640.852028,27.34122713,355.1248,18.22190202,9.567567568,220.1302569,0
서강동,1464.675207,193463.3869,449693.1212,0.0001,0.0001,0.0001,0.0001,25405,0.0001,0.0001,0.0001,11.2,50.8,0.0001,0.0001,14.44628099,7.32,729.4599194,554.4365511,20.49062049,345.3674,24.2656535,9.462809917,369.7265436,0
공덕동,1670.138532,196283.7409,449978.6198,0.0001,0.0001,0.0001,0.0001,37123,0.0001,0.0001,0.0001,12.2,58,0.0001,0.0001,17.18807339,100,468.9422093,453.6168708,27.76536313,428.7172,34.25287356,11.98165138,300.1559101,1
아현동,1937.121894,195822.6169,450257.9203,551,1.88,0.0001,0.0001,29308,186,10.2,2,12.2,47.1,1,0.0001,10.13636364,100,437.8706034,284.5398498,28.44720497,279.5411,58.3559322,10.48484848,590.0541704,0
목1동,1989.704615,188900.9178,447565.7928,1387,4.56,1231,4.05,30419,436,16,4.8,20.8,47.4,1,1,25.09615385,36.54,488.3612211,380.1169548,30.03412969,306.7624,22.57331655,14.94230769,160.1296093,1
목2동,1096.332083,188890.2427,449354.1874,0.0001,0.0001,0.0001,0.0001,29098,0.0001,0.0001,0.0001,4.2,46.5,0.0001,0.0001,25.35416667,96.77,775.5638543,464.9042923,32.96703297,1899.1835,20.4003543,7.354166667,504.5415737,0
목3동,1179.205556,188118.4548,449525.5854,692,3.23,0.0001,0.0001,21395,211,2.5,1.7,4.2,46.5,1,0.0001,13.11111111,48.72,409.2903004,428.9253816,35.00545256,2099.7608,24.35858586,8.133333333,282.750588,0
목4동,1102.621905,188241.0913,448436.2331,324,1.32,992,4.03,24619,96,0.9,1.8,2.7,47.5,1,1,19.28571429,22.73,379.6665541,349.328181,32.19567691,1029.3105,27.93416928,7.523809524,325.7470377,0
신월1동,581.0147368,185370.7518,447987.4945,0.0001,0.0001,0.0001,0.0001,19683,0.0001,0.0001,0.0001,0.8,49.8,0.0001,0.0001,22.63157895,59.09,1231.238109,527.5816517,43.48710991,1133.5747,16.13564214,6.263157895,614.8188312,0
신월2동,933.4161429,186415.5539,447114.6878,734,3.5,0.0001,0.0001,20944,216,1,0.6,1.6,34.5,1,0.0001,14.98571429,100,963.1298949,257.7126656,31.28772636,610.2328,22.37388724,9.642857143,604.4621604,0
신월3동,508.2027273,184749.8982,448119.3887,332,2.3,813.5,5.62,14466,104,0.4,1.2,1.6,46.5,1,1,13.81818182,100,536.6527221,207.5453514,42.58823529,1551.8736,29.71695906,5.545454545,730.3408585,0
신월4동,738.4559259,185843.1131,446975.1254,0.0001,0.0001,0.0001,0.0001,17555,0.0001,0.0001,0.0001,1.5,46.4,0.0001,0.0001,18.16666667,100,1222.505869,681.8388866,24.05063291,1089.566,24.49616858,6.092592593,614.7417152,0
신월5동,647.56,184925.8936,449057.3955,709,5.02,0.0001,0.0001,14120,291,2.1,1,3.1,53.1,1,0.0001,16.8,100,505.056276,282.1019043,37.83382789,947.5204,31.9321075,5.4,296.0390909,0
신월6동,1181.258607,186046.0948,446289.9189,898,6.45,0.0001,0.0001,13927,267,0.8,1.3,2.1,46.4,1,0.0001,5.616915423,94.74,513.8729934,377.4634609,25.84541063,942.7952,27.85276074,9.671641791,690.3772943,0
신월7동,1048.283429,185024.9283,446632.362,630,3.35,0.0001,0.0001,18811,183,1.5,0.0001,1.5001,46.4,1,0.0001,35.02857143,100,1259.56451,309.5158292,31.82481752,1784.9526,39.05033557,6.514285714,498.1106127,0
신정1동,1878.609121,187594.4481,446611.6556,1227,6.19,0.0001,0.0001,19820,348,5.4,2.9,8.3,34.5,1,0.0001,29.27472527,88.52,313.646038,358.6713234,20.26768642,624.8778,21.91445783,8.142857143,290.5056421,0
신정2동,1354.095179,188931.4813,446665.4706,1403,7.44,0.0001,0.0001,18869,420,11.4,6.3,17.7,47.4,1,0.0001,26.05357143,100,549.1997018,330.2575614,50.65502183,585.0814,23.74744027,10.53571429,460.654547,0
신정3동,1142.37779,185950.8241,445826.2926,787,1.58,846.67,1.7,49890,248,1.5,2.6,4.1,49.2,1,1,16.62430939,100,600.5938683,354.9912302,38.14756672,908.324,41.83043621,9.359116022,490.7536937,0
신정6동,1883.434697,188486.5596,446275.0087,1249,5.21,1067,4.45,23985,379,10.7,2.6,13.3,38.1,1,1,35.41666667,100,453.3662618,484.3424569,4.466501241,430.174,23.02211538,8.492424242,314.2213388,0
신정7동,1645.676484,188100.2126,445608.8416,491,1.73,1064,3.74,28431,140,0.6,3.8,4.4,45.1,1,1,26.8671875,0,581.0616137,563.3404205,52.76752768,601.4922,20.08819242,7.84375,273.9696293,0
목5동,2038.258583,189383.6327,448512.1958,1136,2.78,810,1.98,40818,349,23.4,4.7,28.1,45.4,1,1,34.52083333,0,475.0760843,347.8933287,2.576489533,1291.713,23.6525941,7.670833333,543.4612524,0
신정4동,912.9296226,187414.0697,447333.8945,0.0001,0.0001,550,1.7,32402,0.0001,0.0001,0.0001,1.7,34.5,0.0001,1,8.566037736,55.29,557.8256194,476.6036189,34.84934622,314.5897,21.36846847,7.320754717,543.5787352,0
염창동,1091.85095,188672.2272,450565.6713,682,1.64,0.0001,0.0001,41490,202,7.5,3.9,11.4,50,1,0.0001,22.45701357,100,973.1762689,337.5690998,13.80323054,2744.7859,11.31483402,8.7239819,194.4365145,0
등촌1동,1007.513976,187595.1687,450713.0515,0.0001,0.0001,0.0001,0.0001,25184,0.0001,0.0001,0.0001,6,50,0.0001,0.0001,23.31325301,100,506.3335024,415.6395388,12.5748503,2020.1932,10.51523546,8.843373494,308.2704272,0
등촌2동,945.1852273,187630.4139,449601.4552,476,2.44,893.5,4.59,19481,162,3,0.0001,3.0001,44.4,1,1,18.75,75,358.4235289,515.0150579,24.33774834,1860.3202,39.46467662,9.272727273,202.3250329,0
등촌3동,1178.198643,186410.8322,451308.0877,456,1.54,621.33,2.1,29576,146,1.4,2.3,3.7,46.3,1,1,27.97857143,100,270.8060337,281.7678822,70.44189853,801.2792,12.05782313,7.714285714,255.3460031,0
화곡본동,619.684,186577.3034,449246.7889,0.0001,0.0001,0.0001,0.0001,33346,0.0001,0.0001,0.0001,0.5,53.1,0.0001,0.0001,14.06666667,51.56,1225.807948,608.6902227,37.7715487,369.6217,29.64935065,5.8,326.5143239,0
화곡2동,570.81,187129.254,448094.7463,0.0001,0.0001,0.0001,0.0001,17358,0.0001,0.0001,0.0001,0.8,42.3,0.0001,0.0001,21,0,914.771355,519.4235584,36.78304239,590.2707,39.76388889,5,571.820388,0
화곡3동,931.6813636,185356.9501,449399.808,0.0001,0.0001,0.0001,0.0001,21261,0.0001,0.0001,0.0001,7,53.1,0.0001,0.0001,17.54545455,100,519.6792388,401.8484489,25.05882353,546.7045,33.67979452,6.204545455,340.9647743,0
화곡4동,586.725,187502.3821,448518.0563,416,2.08,0.0001,0.0001,20017,128,0.8,0.0001,0.8001,42.3,1,0.0001,24.75,0,695.8921901,424.9677758,39.96194101,862.4369,50.42676502,4.916666667,480.9460573,0
화곡6동,804.0003922,186854.0995,450254.9216,0.0001,0.0001,0.0001,0.0001,26236,0.0001,0.0001,0.0001,3.8,54.2,0.0001,0.0001,16.58823529,88.65,443.655066,621.8444834,33.23836657,1235.7536,21.54152249,8.470588235,503.5485769,0
화곡8동,692.0264286,186633.9693,448317.7985,0.0001,0.0001,0.0001,0.0001,23888,0.0001,0.0001,0.0001,0.5,42.3,0.0001,0.0001,18.64285714,50,1330.336582,495.6088147,31.6254417,455.3328,36.35757576,7.214285714,468.3760616,0
가양1동,1156.5385,185397.4598,452469.8829,405,1.19,489,1.43,34145,126,0.0001,2.4,2.4001,62.8,1,1,25.79,40,462.3915527,414.8363623,15.4109589,1512.6253,11.38538144,7.32,406.6675277,0
가양2동,1315.821618,187132.8908,451924.5813,0.0001,0.0001,0.0001,0.0001,13539,0.0001,0.0001,0.0001,2.4,62.8,0.0001,0.0001,30.73529412,0,597.7773537,517.2501209,76.79112008,1721.2802,2.402625821,7.897058824,433.0838797,0
가양3동,1286.548857,187727.5493,451262.0022,142,1,436,3.07,14207,33,2,4,6,50,1,1,28.38571429,100,402.8007382,274.5240054,63.76237624,1958.1741,3.869070209,9.028571429,451.2066153,0
발산1동,1076.003957,184559.1346,450124.14,629,1.75,783.17,2.18,35955,196,1.1,3.2,4.3,49.4,1,1,15.41726619,84.62,338.607678,319.1232768,40.456621,765.4385,20.99563999,7.129496403,754.6713995,0
공항동,1369.443913,181852.7999,450718.8507,441,1.47,0.0001,0.0001,30035,142,0.3,0.6,0.9,48.6,1,0.0001,4.989130435,69.7,1121.71293,358.565063,37.55781684,583.9553,18.33071085,7.717391304,620.4793996,0
방화1동,1143.913883,183884.0264,452134.2189,650,1.54,612,1.45,42283,206,1,1.5,2.5,43.8,1,1,16.24271845,75,444.0464348,413.3523939,29.09356725,736.749,19.86719706,7.019417476,287.2534976,0
방화2동,997.2965152,182690.1055,453702.4501,345,1.5,0.0001,0.0001,22978,122,0.0001,2,2.0001,48.6,1,0.0001,19.53030303,55.26,490.3041931,543.0225754,46.07078584,334.9736,16.64915503,8.46969697,406.4761003,0
방화3동,967.9897938,183888.0018,453633.5344,338,1.53,0.0001,0.0001,22110,101,1,0.9,1.9,48.6,1,0.0001,27.26804124,100,556.5784882,428.453233,52.00803213,354.851,26.91242604,7.81443299,662.8475347,0
화곡1동,673.71625,185939.6796,448264.5288,531,1.03,0.0001,0.0001,51791,186,0.0001,0.5,0.5001,49.8,1,0.0001,14.91964286,73.87,1550.873679,660.0161352,32.37505529,445.564,20.50939144,8.044642857,344.1228949,0
우장산동,1283.678952,185961.478,450133.2957,0.0001,0.0001,0.0001,0.0001,43946,0.0001,0.0001,0.0001,3.7,49.5,0.0001,0.0001,12.60262009,100,549.6271479,472.412973,21.16716123,279.4141,26.65357143,9.213973799,314.3554161,0
신도림동,1218.694732,189582.6269,445623.8925,1065,2.93,555,1.53,36313,341,14.1,3.1,17.2,46,1,1,22.11160714,85.71,633.6748561,392.2410397,12.02346041,598.8585,28.36445589,12.19642857,282.0124047,1
구로1동,892.6547727,188980.9959,443750.1307,591,2.85,704,3.4,20705,182,2.9,2,4.9,42.5,1,1,31.76136364,75,406.5981404,407.2939884,12.47113164,1265.8723,18.4741784,8.034090909,420.3265691,0
구로3동,937.6237113,190705.8736,442830.4493,554,2.21,0.0001,0.0001,25049,189,2.1,2.1,4.2,42.7,1,0.0001,21.68041237,96.08,1293.907647,415.5636033,20.95130238,370.3918,21.43972246,8.360824742,664.4049644,0
구로4동,750.6951316,190299.4357,443578.3351,421,1.87,0.0001,0.0001,22557,118,2.2,0.0001,2.2001,42.7,1,0.0001,23.33552632,100,889.9897131,415.606309,32.03176704,343.6934,23.2755102,9.493421053,810.6961315,0
구로5동,904.0640491,190145.2997,444731.0884,554,1.75,892,2.81,31720,169,0.0001,0.5,0.5001,42.7,1,1,19.39877301,96.67,503.5081086,471.7501805,21.85215272,639.8179,23.33540373,12.63190184,400.6368649,1
고척1동,836.539125,187947.7393,444591.3748,894,3.35,1079,4.04,26690,279,2.5,1,3.5,42,1,1,28.0125,91.3,628.1028776,340.7652084,21.81467181,1431.4153,25.79968701,8.6375,221.2783823,0
고척2동,895.3480682,187043.8775,445168.4337,352,1.34,725,2.76,26250,103,0.0001,1.9,1.9001,37,1,1,19.75,50,703.9969563,651.559743,32.06157965,1169.7851,34.94127958,8.579545455,467.6821124,0
개봉2동,870.4049275,187308.3099,443689.4148,0.0001,0.0001,0.0001,0.0001,30158,0.0001,0.0001,0.0001,1,42,0.0001,0.0001,22.61594203,100,842.0977888,759.6008007,26.34870993,1468.2466,17.81365741,12.46376812,499.3568684,1
개봉3동,739.067619,186930.1085,443020.2802,543,2.72,0.0001,0.0001,19985,158,1.2,0.0001,1.2001,42,1,0.0001,24.45238095,100,1815.27364,280.2055062,23.4521576,683.8863,45.81256771,10.47619048,218.5390825,0
오류1동,688.3602128,185997.0047,444168.2802,0.0001,0.0001,0.0001,0.0001,23363,0.0001,0.0001,0.0001,1.6,44.6,0.0001,0.0001,14.91489362,100,1162.627467,691.8794975,39.44256757,1079.176,49.43137255,9.85106383,305.4492716,0
수궁동,818.2707143,184615.1031,444344.8822,354,1.53,528.67,2.29,23109,107,1.7,0.0001,1.7001,65.3,1,1,13.78571429,0,611.8910832,619.3456507,30.37344398,629.6972,58.89234136,5.857142857,1795.366431,0
가리봉동,652.395,190099.3678,442589.2555,0.0001,0.0001,0.0001,0.0001,12458,0.0001,0.0001,0.0001,4.2,42.5,0.0001,0.0001,25,46.67,1421.657228,481.4992264,34.82428115,903.1076,21.71365639,16,408.8247005,1
구로2동,810.8348276,189381.2548,444164.2127,0.0001,0.0001,711,2.45,29019,0.0001,0.0001,0.0001,4.9,47.2,0.0001,1,20.68965517,51.11,816.9236986,629.7920185,28.99182561,731.4745,19.97450876,6.517241379,695.9508973,0
개봉1동,895.1312844,186658.8711,444515.1892,508,1.5,0.0001,0.0001,33907,161,0.4,0.9,1.3,56.5,1,0.0001,21.00917431,100,645.2770312,473.1140605,31.31652661,1762.3493,31.94065484,12.33944954,315.3546817,1
오류2동,802.7954667,185712.1521,442884.8388,658,1.74,0.0001,0.0001,37888,234,1,1.8,2.8,72,1,0.0001,18.02666667,89.29,1466.285153,525.3128769,33.45588235,619.6061,35.16921719,8.066666667,561.3439723,0
항동,963.7136538,184485.8899,442413.7481,406,2.46,0.0001,0.0001,16480,161,1.3,1.3,2.6,72,1,0.0001,5.057692308,50,1784.938824,441.100501,32.51533742,1323.0152,34.38614801,9.134615385,1948.518438,0
가산동,873.6685714,189720.9971,441920.127,0.0001,0.0001,0.0001,0.0001,27152,0.0001,0.0001,0.0001,1.8,42.5,0.0001,0.0001,17.91428571,29.67,1697.774411,433.9664819,27.05099778,1039.323,15.93650794,11.62857143,158.826607,1
독산1동,1006.211095,190489.3538,440548.1833,405,0.84,0.0001,0.0001,48084,136,1.5,0.9,2.4,42,1,0.0001,14.91044776,95.45,1427.311053,527.8407549,30.04602235,2406.973,20.35997989,15.82089552,280.4282325,1
독산2동,485.49,191394.9018,440507.4316,0.0001,0.0001,0.0001,0.0001,19152,0.0001,0.0001,0.0001,2.8,42,0.0001,0.0001,18,74.42,1419.487422,555.0895863,32.27158424,2204.3981,31.55895197,4,42.63797122,0
독산3동,867.0763158,191561.985,441821.0135,256,0.95,565,2.1,26903,72,0.6,0.6,1.2,42,1,1,12.31578947,37.7,856.2803326,428.9249402,25.62674095,1069.6838,26.73384764,6.052631579,155.3124014,0
독산4동,607.7025,191515.7163,441087.2598,0.0001,0.0001,0.0001,0.0001,16120,0.0001,0.0001,0.0001,1.8,42,0.0001,0.0001,20.25,100,992.4600665,604.9284813,26.74285714,1820.1955,34.47031963,2.25,420.4891938,0
시흥1동,983.5386076,191164.6669,439226.6572,400,1.18,824,2.44,33790,112,0.0001,1.6,1.6001,59.9,1,1,18.7721519,53.95,423.731902,422.8163442,25.72298326,3886.1282,23.57097187,9.481012658,215.1205034,0
시흥2동,645.5990769,192905.7199,439058.1249,532,2.57,607,2.93,20687,165,1.7,0.0001,1.7001,60.9,1,1,20.20769231,0,364.021948,364.021948,43.66602687,4020.0188,112.7647868,11.03076923,975.4543554,1
시흥3동,501.23,191681.3237,437857.7208,562,5.41,676,6.5,10396,165,0.5,0.9,1.4,44.5,1,1,15,40,637.7480515,750.8335915,22.5862069,5117.4521,33.80746269,3.666666667,197.3806854,0
시흥4동,620.9570833,191976.2968,440076.2134,550,2.74,0.0001,0.0001,20059,181,0.0001,0.0001,0,42,1,0.0001,24.33333333,0,1277.746792,356.0946754,34.42060086,2760.8446,50.95814978,8.333333333,664.8351657,0
시흥5동,694.24625,192244.7155,438676.7148,0.0001,0.0001,0.0001,0.0001,18762,0.0001,0.0001,0.0001,1.7,60.9,0.0001,0.0001,27.125,58.82,529.1050668,503.7795217,40.28683181,4020.1825,56.21854734,7.1875,383.0781518,0
여의동,1854.35288,193677.4867,447670.3053,491,1.46,666,1.98,33713,155,11.3,3.9,15.2,47.9,1,1,37.2513089,90.32,517.9921768,401.7746794,4.651162791,581.4398,3.378410185,10.85340314,372.1330715,0
당산1동,1337.613077,190875.5668,447161.9971,0.0001,0.0001,0.0001,0.0001,21418,0.0001,0.0001,0.0001,15,41.6,0.0001,0.0001,16.15384615,100,1101.829672,574.4318564,13.32633788,309.5224,17.26334951,9.025641026,371.1329275,0
당산2동,1414.486357,191371.1552,448293.9558,485,1.31,0.0001,0.0001,37113,163,9.3,1.9,11.2,41.6,1,0.0001,21.72118959,60,805.2112807,360.1167828,9.664948454,458.2759,4.937357631,10.79182156,295.8022738,0
양평1동,1223.686935,189986.3554,447335.5717,0.0001,0.0001,730,3.96,18422,0.0001,0.0001,0.0001,52.6,45.3,0.0001,1,17.75806452,100,494.8130855,534.6743813,14.96062992,281.9298,26.49032258,7.612903226,197.6771301,0
양평2동,1179.787547,190331.0907,449338.3304,373,1.64,557,2.45,22758,104,12.6,2.4,15,41.6,1,1,25.28301887,100,456.1433892,461.2176229,16.54275093,883.6719,6.708072591,10.59433962,721.1687793,0
신길1동,1096.229615,192881.1024,445886.8712,0.0001,0.0001,0.0001,0.0001,20653,0.0001,0.0001,0.0001,4,43.5,0.0001,0.0001,16.69230769,58.82,643.7143822,543.369015,14.96865204,817.6617,15.63760897,10.19230769,346.1570899,0
신길3동,1318.329333,191668.5877,445200.6945,0.0001,0.0001,0.0001,0.0001,16961,0.0001,0.0001,0.0001,3.2,42.4,0.0001,0.0001,11.41333333,84.62,265.536576,282.7775086,14.9726776,652.0898,23.31786942,10.08,277.8175234,0
신길4동,1560.715319,192292.5838,445271.336,0.0001,0.0001,0.0001,0.0001,12919,0.0001,0.0001,0.0001,4,55.3,0.0001,0.0001,6.234042553,41.67,567.114493,395.5510291,20.64935065,513.8816,26.15449438,13.57446809,284.0594813,1
신길5동,1548.764912,191644.9367,444614.9139,605,5.54,759,6.96,10912,187,2.7,0.5,3.2,42.4,1,1,5.649122807,100,170.2864627,276.3915617,26.64473684,368.7116,28.94565217,11.68421053,356.7817754,1
신길6동,1359.302022,192358.8193,444373.4244,0.0001,0.0001,618,3.36,18369,0.0001,0.0001,0.0001,10.7,44,0.0001,1,33.24719101,100,337.0982762,355.4767611,16.82808717,319.4928,27.07988166,7.550561798,207.7977584,0
신길7동,1561.353611,192887.8326,445166.5782,641,3.21,0.0001,0.0001,19985,251,9.2,1.5,10.7,55.3,1,0.0001,8.75,66.67,704.1591789,249.0561474,16.84434968,487.6611,25.15117892,10.67592593,339.9190361,0
대림1동,1229.339231,191618.0044,443806.7572,457,2.83,0.0001,0.0001,16164,159,0.9,1.8,2.7,44,1,0.0001,8.179487179,90.91,493.2169916,302.4591636,14.42731278,683.1819,31.41155235,10.8974359,291.3757114,0
대림2동,869.0210714,191200.7022,443356.7708,0.0001,0.0001,0.0001,0.0001,17575,0.0001,0.0001,0.0001,4.2,42.7,0.0001,0.0001,10.42857143,93.81,1384.05944,541.5078271,13.73873874,247.2164,22.08990536,9.642857143,428.3976893,0
대림3동,894.4625455,190904.7156,444509.2281,469,1.87,0.0001,0.0001,25027,142,2.8,0.6,3.4,42.7,1,0.0001,24.24545455,100,786.0225414,578.5573209,13.43775763,514.1238,34.40524781,10.68181818,207.6882364,0
영등포본동,989.0333333,192001.7268,446025.72,555,2.46,483.5,2.15,22536,147,3.4,0.6,4,49.4,1,1,17.33333333,97.25,382.5425568,466.3932749,11.30952381,681.6414,17.96911608,7,378.5838589,0
영등포동,1323.600476,191831.7536,446904.5542,0.0001,0.0001,0.0001,0.0001,31413,0.0001,0.0001,0.0001,12,43.5,0.0001,0.0001,12.33333333,96.15,726.7952909,566.5655511,10.85637222,348.346,12.01897906,12.6462585,449.4921419,1
도림동,1183.363333,191207.892,445519.9751,0.0001,0.0001,0.0001,0.0001,19520,0.0001,0.0001,0.0001,11,42.4,0.0001,0.0001,13.07407407,71.43,911.5337177,853.8324016,13.93523062,755.3918,24.37327189,14.11111111,373.5539926,1
문래동,1161.933113,190368.9811,446344.44,627,1.94,0.0001,0.0001,32342,202,8.6,1.4,10,45.3,1,0.0001,26.29801325,100,639.6211881,322.3552342,11.4619883,422.7467,25.82744702,9.569536424,333.2836234,0
노량진2동,1673.406667,194501.5693,445721.9076,0.0001,0.0001,0.0001,0.0001,11075,0.0001,0.0001,0.0001,0,42.2,0.0001,0.0001,11.33333333,5.26,557.9316232,416.6421289,39.22046285,211.7629,15.52180451,10,328.6548848,0
상도1동,1301.559841,195874.9662,444324.4084,537,1.16,0.0001,0.0001,46451,170,4,1.7,5.7,42.6,1,0.0001,14.87830688,100,728.9215943,518.0386903,34.22222222,389.6484,69.52787879,7.349206349,326.8666131,0
상도2동,1419.530769,194859.9371,444914.3558,603,2.17,0.0001,0.0001,27822,186,3.8,0.5,4.3,42.2,1,0.0001,10.85314685,86.67,1022.006172,367.9254387,22.13209733,311.1471,37.98607889,9.636363636,225.3663942,0
상도3동,992.9518182,194069.366,444236.1281,372,1.53,0.0001,0.0001,24297,123,0.0001,0.0001,0,45.1,1,0.0001,18.81818182,60.71,528.0806978,245.6614831,30.90909091,496.5304,45.11988717,7,289.1925479,0
상도4동,937.46,194753.498,444219.5883,351,1.25,0.0001,0.0001,28051,113,0.0001,0.9,0.9001,42.2,1,0.0001,17,18.18,764.8754479,285.2124856,31.83006536,921.9821,48.79274117,4.5,86.1306867,0
사당1동,1120.866,198011.4943,442260.991,304,1.32,0.0001,0.0001,23008,80,0.0001,0.0001,0,43.7,1,0.0001,17.9,70,891.0347266,410.254689,26.70623145,441.41,30.15983027,7,371.1560913,0
사당3동,1479.008642,197433.1912,443256.2981,502,2.1,0.0001,0.0001,23940,174,3.7,0.6,4.3,52,1,0.0001,14.38271605,100,824.0899986,341.2946805,21.62162162,466.7007,82.54572565,10.82716049,316.7428697,0
사당4동,1079.721667,197413.6763,442344.6208,0.0001,0.0001,0.0001,0.0001,14007,0.0001,0.0001,0.0001,4.3,43.7,0.0001,0.0001,20.22222222,85.71,499.2987063,292.4476444,31.07344633,499.5886,50.84615385,5.888888889,513.3371181,0
사당5동,1278.395263,196900.9326,442928.5802,478,3.35,685,4.8,14269,139,7.6,0.0001,7.6001,43.7,1,1,10.07894737,0,861.6173936,214.5998389,26.21184919,770.6534,80.23715415,8.368421053,380.1967149,0
대방동,1273.268667,193638.0407,445272.8258,395,1.1,749.33,2.08,35989,126,2.4,1.2,3.6,44.9,1,1,24.89333333,91.67,408.886719,368.5890915,35.13129879,933.5718,24.61816065,9.853333333,430.1897739,0
신대방1동,1112.921011,192100.048,443396.1655,758,3.02,0.0001,0.0001,25100,224,2.3,3.8,6.1,44,1,0.0001,24.76404494,70,445.5037914,247.1082696,26.46464646,608.8611,23.26790451,9.202247191,173.6762278,0
신대방2동,1116.598286,193075.3067,443903.12,390,1.75,827,3.71,22281,113,5.1,0.6,5.7,46.3,1,1,20.4,48,532.1658632,365.8758863,26.08108108,623.362,25.39669421,14.02857143,525.0323722,1
흑석동,1811.365703,196661.0209,445106.9563,494,1.53,0.0001,0.0001,32231,161,11.1,2.5,13.6,48.9,1,0.0001,16.1171875,92.31,1479.472668,459.6591355,22.66928361,1159.2665,31.32648763,8.921875,465.2489516,0
노량진1동,1237.272422,195487.2817,445863.3904,0.0001,0.0001,0.0001,0.0001,32715,0.0001,0.0001,0.0001,12.3,45.5,0.0001,0.0001,22.01863354,48,1226.148817,619.7877848,32.57731959,709.8629,11.46544036,10.89440994,282.3486625,0
사당2동,1429.261343,197774.2993,444193.1993,394,1.38,624,2.19,28478,114,4.6,3.8,8.4,52,1,1,24.00746269,0,447.9999876,490.7095179,24.50331126,626.8481,45.76447625,8.507462687,229.0790565,0
보라매동,847.5484615,194043.2437,443439.3745,541,2.23,714,2.94,24272,158,1,0.0001,1.0001,41.7,1,1,25.30769231,100,543.0690322,453.9304727,31.49920255,727.3253,48.91917973,8.769230769,707.500605,0
청림동,1089.543364,196416.6301,443346.4912,0.0001,0.0001,0.0001,0.0001,14828,0.0001,0.0001,0.0001,7.6,42.6,0.0001,0.0001,22.94545455,85.71,736.6934279,308.6267113,34.44444444,863.6032,97.02134146,11.13636364,115.9460407,1
행운동,991.566338,196510.9965,442393.2794,394,1.34,0.0001,0.0001,29418,120,1.1,1.8,2.9,43.7,1,0.0001,18.36619718,80,501.1137688,161.2526961,36.09958506,663.8791,70.06415094,12.18309859,370.8162185,1
낙성대동,854.8736364,196447.6029,440918.7146,0.0001,0.0001,0.0001,0.0001,17863,0.0001,0.0001,0.0001,3.5,53.1,0.0001,0.0001,20.18181818,81.67,619.3056226,517.514763,25.81755594,314.4199,91.70899682,6.454545455,236.4185469,0
중앙동,921.7365217,195636.0877,442746.2919,0.0001,0.0001,0.0001,0.0001,15572,0.0001,0.0001,0.0001,8.5,42.6,0.0001,0.0001,13.56521739,100,797.8667046,674.6403017,32.65306122,448.7276,57.82051282,10.7826087,251.931509,0
인헌동,907.2442857,197130.4053,441141.7726,450,1.74,432,1.67,25849,143,2.2,0.5,2.7,41.7,1,1,22.33333333,4.17,443.8652817,446.1756549,24.03177756,703.6128,83.684514,6.523809524,398.9147884,0
남현동,878.402963,198033.2224,440521.2821,0.0001,0.0001,0.0001,0.0001,17888,0.0001,0.0001,0.0001,2.7,41.7,0.0001,0.0001,15.81481481,81.25,506.6096669,525.2900695,24.88687783,710.1139,144.3419532,5.777777778,278.6805026,0
서원동,853.025625,194103.3463,442352.9941,221,0.93,0.0001,0.0001,23690,81,0.0001,0.0001,0,50.7,1,0.0001,22.1875,94.51,964.5326426,0,28.90625,393.1293,36.66899441,0.0001,0,0
신림동,462.2457576,193558.7129,443079.4434,0.0001,0.0001,0.0001,0.0001,23767,0.0001,0.0001,0.0001,5.7,41.7,0.0001,0.0001,4.03030303,35.71,639.6503434,531.4955665,34.45747801,313.2867,21.60166667,8.50931677,528.7176176,0
난향동,812.2859184,192791.7683,440234.5828,0.0001,0.0001,0.0001,0.0001,14859,0.0001,0.0001,0.0001,2.7,51.4,0.0001,0.0001,15.10204082,50,797.5364129,0,37.05426357,2857.2301,91.37227074,0.0001,0,0
은천동,1087.105345,194879.2021,443062.7706,0.0001,0.0001,0.0001,0.0001,32902,0.0001,0.0001,0.0001,0.9,41.7,0.0001,0.0001,21.04310345,100,748.9311134,601.8194567,38.69346734,535.3478,81.65581395,11.20689655,235.147689,1
성현동,1005.524167,195670.6876,443345.4558,1172,4.12,580,2.04,28461,363,5.7,2.8,8.5,42.6,1,1,20.94230769,0,478.5479086,523.4196163,44.51871658,789.6892,96.22503329,12.72435897,395.4386444,1
청룡동,1219.810345,195206.8516,442070.1102,268,0.73,536.5,1.46,36872,80,0.0001,2.4,2.4001,51.9,1,1,7.181034483,100,323.2573048,574.7813326,33.50144092,525.1266,45.3145222,8.681034483,493.9674684,0
삼성동,725.9714815,193814.8723,440161.3741,258,1.28,507,2.52,20130,80,1.1,1.1,2.2,51.4,1,1,24.48148148,0,344.7069697,0,42.69528921,2383.1373,112.25,0.0001,0,0
미성동,911.2876923,192523.4319,441835.7917,450,1.49,542,1.8,30128,134,1.8,0.9,2.7,43,1,1,22.94230769,70.77,336.9043698,0,30.6362379,1099.3798,34.97808765,0.0001,0,0
서초1동,1412.240946,201777.7402,443054.3672,0.0001,0.0001,0.0001,0.0001,20352,0.0001,0.0001,0.0001,14,41,0.0001,0.0001,20.47297297,53.85,1059.130252,649.9935197,23.51097179,386.9138,31.31726384,8.243243243,236.2769837,0
서초2동,2155.32125,202468.0938,443264.6367,1170,4.65,862,3.43,25140,374,12.5,1.5,14,31.9,1,1,22.01785714,70.83,833.2724974,394.8105375,12.5,713.1975,22.2489019,10.25595238,203.6118228,0
서초3동,1440.237397,200836.1134,442897.0661,690,2.13,1046.33,3.23,32384,241,10.8,1.8,12.6,44.5,1,1,16.65753425,75.44,531.8521179,433.6313511,14.30274136,437.7402,46.11174527,10.15068493,683.5641566,0
서초4동,2375.99993,201752.1011,444387.4382,1061,3.47,0.0001,0.0001,30558,340,17.5,4.7,22.2,40.6,1,0.0001,22.65034965,94.12,533.8157704,427.549445,6.274509804,583.384,22.51848049,11.91608392,236.2925983,1
잠원동,2571.622963,201125.9925,446399.7613,823,3.05,0.0001,0.0001,27015,253,39.5,4.6,44.1,61.2,1,0.0001,26.22222222,20.83,1166.967383,335.9628516,18.19620253,418.8981,6.285568066,9.579861111,275.7889679,0
반포본동,4175.9048,198899.7926,444971.6629,829,343.98,1048.5,435.06,241,234,44.7,4.2,48.9,48.1,1,1,49.28,0,473.864573,473.864573,0,640.4411,3.222016651,3.2,225.0947979,0
반포1동,3493.961395,201482.1128,445117.8541,1224,3.58,722,2.11,34190,419,30.1,3.9,34,40.6,1,1,11.05232558,0,448.6842856,327.9981266,20.31454784,443.0646,18.66304348,16.08139535,267.6481152,1
반포2동,3993.906702,199642.9713,445305.9765,714,3.05,0.0001,0.0001,23436,294,32.2,1.5,33.7,49.7,1,0.0001,11.10638298,100,523.6571409,286.635488,5.194805195,756.6712,3.812982005,15.72340426,307.7360078,1
반포3동,2980.88085,200351.5421,445872.3004,1022,4.29,0.0001,0.0001,23845,324,33.2,2.3,35.5,40.6,1,0.0001,26.65359477,0,1132.009956,0,3.904555315,359.3001,3.498200144,0.0001,0,0
반포4동,2189.362471,200296.5116,444454.2675,560,2.91,0.0001,0.0001,19229,177,15.9,0.6,16.5,49.7,1,0.0001,30.88235294,76.47,767.0367778,606.5119416,8.390022676,607.1861,17,7.105882353,483.5806031,0
방배본동,1584.19825,198914.5273,443954.8941,0.0001,0.0001,0.0001,0.0001,20575,0.0001,0.0001,0.0001,48.9,49.7,0.0001,0.0001,27.6,18.18,613.3019917,612.0146905,20.4007286,847.7248,20.91611185,7.8,212.4417823,0
방배1동,2042.612273,199669.2008,442825.6254,0.0001,0.0001,0.0001,0.0001,16644,0.0001,0.0001,0.0001,10.9,45.4,0.0001,0.0001,12.81818182,75,659.5092848,730.6397047,24.95543672,370.8832,27.50393701,6.227272727,919.8365432,0
방배2동,1847.799167,198975.9963,441530.411,408,2.25,0.0001,0.0001,18171,142,6.6,1.5,8.1,46.8,1,0.0001,21.25,61.11,766.5027875,726.626093,30.39348711,358.211,41.93022159,6.888888889,257.9758663,0
방배3동,2024.229355,199816.2319,441659.7832,474,2.95,892,5.55,16058,151,5.9,1.4,7.3,46.8,1,1,21.88709677,5,314.8885447,682.6144183,15.01416431,568.1821,57.1594697,8.629032258,1329.651501,0
방배4동,1708.369792,199202.1692,443375.6649,640,2.77,873,3.78,23108,200,10,0.9,10.9,45.4,1,1,19.75,20,397.9733827,290.624524,20.15037594,311.9072,23.46387833,9.020833333,328.2531248,0
양재1동,1623.794667,201990.1281,441119.3573,924,2.18,0.0001,0.0001,42333,352,3.3,1.1,4.4,31.9,1,0.0001,16.3047619,3.13,1910.30081,916.3507107,45.66294919,2164.156,95.96699151,8.961904762,1337.390476,0
양재2동,1091.865714,204048.4558,439083.4289,384,1.78,613,2.85,21545,125,5.5,0.9,6.4,46,1,1,20.85714286,0,610.2910686,484.712116,33.29312425,1804.7402,97.84008149,3.285714286,1122.493364,0
내곡동,1687.108222,206249.344,439607.404,321,1.86,0.0001,0.0001,17254,124,5.1,2.6,7.7,46,1,0.0001,8.755555556,14.29,2710.842194,652.9659399,29.12621359,3879.1654,96.48115079,8.222222222,2370.02778,0
신사동,1751.805556,201784.2269,447398.5246,404,2.58,1042,6.64,15681,109,42.3,3.1,45.4,49.4,1,1,22.77777778,0,562.9787666,381.9114112,36.11111111,499.934,23.98174157,5.666666667,259.4766955,0
논현1동,1815.507368,202342.8369,445821.893,0.0001,0.0001,0.0001,0.0001,21759,0.0001,0.0001,0.0001,8.1,49.4,0.0001,0.0001,23.84210526,53.03,1149.710403,890.9294218,18.45303867,316.1758,32.09149392,6.210526316,399.6174047,0
논현2동,1858.539524,203201.3471,446196.1852,323,1.55,0.0001,0.0001,20774,101,5.1,3,8.1,41,1,0.0001,22.26190476,30.65,902.3436713,579.9289903,11.49110807,390.8549,40.14329833,5.761904762,178.6222687,0
삼성1동,2632.898636,205375.3789,446204.462,326,2.63,1065,8.6,12384,89,9.2,1.8,11,44.8,1,1,23.54545455,31.58,478.5933053,446.4497223,6.701030928,326.9258,30.41824919,13.40909091,287.3189536,1
삼성2동,2467.3037,204312.4747,445821.2671,986,3.19,0.0001,0.0001,30888,313,11,5.3,16.3,41,1,0.0001,16.34,37.5,589.9571588,408.8286256,13.57575758,346.6496,40.69152788,11.05,277.5348645,1
대치1동,3095.670698,205225.5239,443769.1591,839,3.51,1086,4.54,23934,279,24.3,3.7,28,46,1,1,21.26356589,100,304.5027942,220.8422344,1.25,362.8422,21.31103679,12.06976744,234.1000026,1
대치4동,1267.528519,204841.5315,444679.2605,0.0001,0.0001,0.0001,0.0001,18929,0.0001,0.0001,0.0001,3.5,52.3,0.0001,0.0001,19.33333333,100,630.4686637,599.4808713,18.1663837,513.4307,26.78764479,9.62962963,549.1265447,0
역삼1동,1089.67,203138.974,444598.4491,0.0001,0.0001,0.0001,0.0001,35326,0.0001,0.0001,0.0001,22.2,52.3,0.0001,0.0001,19.68965517,62.75,892.1989773,745.9920571,17.50814332,456.6874,38.83861122,7.586206897,373.5468091,0
역삼2동,2499.625022,203969.9926,444336.7809,1107,3.01,877,2.39,36748,372,9.6,2.4,12,52.3,1,1,17.08520179,93.51,400.6097503,277.2276673,12.56410256,641.9126,40.28186857,11.39461883,215.6804682,1
도곡1동,1819.132093,203626.9757,443271.5891,618,2.99,712,3.44,20701,187,8.4,2.3,10.7,46.8,1,1,27.62790698,95.83,436.4181977,374.2112527,7.843137255,503.5459,34.63356164,8.081395349,473.131718,0
도곡2동,2686.816036,204404.1005,443204.0361,766,2.34,1043.5,3.19,32738,227,6.9,2.9,9.8,48.2,1,1,19.84684685,84.62,313.6544541,261.1781802,3.366058906,420.8932,33.03090909,17.46396396,272.229553,1
개포1동,2210.2675,205512.6427,442040.0557,824,6.92,0.0001,0.0001,11907,214,15.4,3.8,19.2,44.4,1,0.0001,32.83333333,100,381.8561273,260.7225465,11.35225376,751.2667,33.35173697,8.541666667,569.0990476,0
개포4동,2857.157674,204724.417,441767.7895,0.0001,0.0001,0.0001,0.0001,23384,0.0001,0.0001,0.0001,14.1,46,0.0001,0.0001,6.511627907,23.53,814.4201346,730.7297132,19.51779564,1032.4791,30.15276273,12.20930233,928.1069133,1
일원본동,2058.935776,207477.9064,442543.961,903,3.95,880,3.85,22832,281,13.4,1.1,14.5,56.3,1,1,29.4137931,100,294.1846997,516.1702829,6.5913371,312.8192,51.77969349,5.853448276,1136.928046,0
일원1동,2057.9195,207891.9349,443782.7286,0.0001,0.0001,1082,7.36,14711,0.0001,0.0001,0.0001,5.9,54.8,0.0001,1,31,0,761.5360826,867.0782974,31.125,878.4691,15.78733459,7.95,116.4000836,0
개포3동,2630.565876,206970.7772,444095.0706,883,5.23,0.0001,0.0001,16894,278,42.5,1.3,43.8,54.8,1,0.0001,26.94329897,0,458.6401265,387.0261783,30.71253071,349.6981,13.0832755,8.510309278,256.832202,0
수서동,2265.786133,208856.7694,443057.2067,521,3.7,540,3.83,14090,166,4.5,0.6,5.1,42.8,1,1,27.50276243,100,584.8425232,332.130991,35.13196481,350.4631,23.49503311,7.756906077,677.2730153,0
세곡동,1690.091714,209226.9653,441252.6254,1014,2.22,813,1.78,45724,335,6.2,1.2,7.4,44.1,1,1,9.733333333,50,815.6472463,783.6974779,25.0524109,1706.3336,51.14320147,7.066666667,2062.347691,0
압구정동,3501.033417,203033.0014,447806.7757,379,1.47,545.5,2.12,25755,121,26.6,6.7,33.3,35.1,1,1,42.16666667,25,321.1450196,342.750357,3.881278539,677.2914,8.083301046,7.325,272.3018599,0
청담동,2442.694828,204460.8752,447212.525,374,1.5,797,3.2,24902,101,0.8,7.5,8.3,41,1,1,20.13793103,81.08,569.4874661,676.960469,6.855439642,560.7116,16.17310665,8.954022989,334.6569925,0
대치2동,2754.147212,205805.7111,444615.7541,915,2.38,1209,3.15,38417,308,34.8,3,37.8,54.2,1,1,39.55769231,46.67,746.8192025,700.5646742,6.896551724,461.5215,21.89442815,7.471153846,284.8952431,0
개포2동,3203.325349,206103.5573,442805.3196,788,1.88,852,2.04,41804,253,10.8,2.5,13.3,46.1,1,1,10.44767442,100,438.7916186,623.1619612,9.549071618,988.1092,32.24729892,13.04069767,775.4659767,1
풍납1동,1246.9095,210133.6667,448776.3667,0.0001,0.0001,0.0001,0.0001,12286,0.0001,0.0001,0.0001,21.6,49.2,0.0001,0.0001,25.9,100,674.2680676,674.2680676,23.90670554,666.0265,2.671654198,9.45,411.2180581,0
풍납2동,1505.625326,209560.5283,447857.7356,338,1.41,813,3.4,23918,113,4.5,1.8,6.3,47.1,1,1,23.31521739,75,543.5895995,343.432457,18.36327345,522.9962,2.991252624,9.565217391,262.9689227,0
거여1동,977.894,212545.1962,443931.2755,0.0001,0.0001,0.0001,0.0001,12100,0.0001,0.0001,0.0001,26.2,62.8,0.0001,0.0001,26.5,42.86,549.2527437,527.5345714,26.22576967,302.2132,40.66323024,6.2,332.4984122,0
거여2동,1512.733973,213115.3004,443639.5633,438,1.85,0.0001,0.0001,23653,118,3.6,1.5,5.1,62.8,1,0.0001,15.0890411,47.62,972.2004916,523.4280361,25.33675433,313.0479,40.72580645,10.78082192,228.7796064,0
마천1동,1056.132941,213796.3246,443995.9104,0.0001,0.0001,0.0001,0.0001,18137,0.0001,0.0001,0.0001,5.1,62.8,0.0001,0.0001,14.11764706,80,1679.208081,1432.974552,29.561451,595.9718,50.64490446,7.882352941,613.6562706,0
마천2동,1222.78625,213321.0978,444573.8178,0.0001,0.0001,0.0001,0.0001,17743,0.0001,0.0001,0.0001,26.2,62.8,0.0001,0.0001,18.75,0,1085.596157,1076.647121,27.02542874,563.2062,42.68656716,8.75,315.9326382,0
방이1동,1301.562222,210826.6279,445604.9432,430,2.82,787,5.17,15231,138,10.6,4.4,15,33.2,1,1,29.44444444,0,317.6429791,219.0582602,19.55193483,317.7292,26.54331865,7.37037037,232.1452194,0
방이2동,1175.595385,210069.2083,445980.4677,365,1.36,0.0001,0.0001,26833,118,6.1,1.4,7.5,42.3,1,0.0001,16.23076923,0,820.077774,240.7109464,22.21318145,265.408,12.35521688,9.961538462,366.6437124,0
오륜동,2163.090105,211389.6755,446446.3229,464,2.6,625,3.51,17818,139,17.4,3.4,20.8,48.7,1,1,35,100,726.4696893,620.4907164,3.583061889,249.8155,19.45281916,9.873684211,157.3083519,0
오금동,1404.07392,211850.1959,444957.0607,440,1.17,955.5,2.54,37669,128,10.3,1.2,11.5,53.6,1,1,26.824,68.42,380.1271081,269.8546194,22.24610425,374.0605,29.3568306,9.808,436.2521703,0
송파1동,1315.374722,209758.237,445306.5486,0.0001,0.0001,0.0001,0.0001,23654,0.0001,0.0001,0.0001,7.5,50,0.0001,0.0001,29.97222222,9.43,759.618687,589.5892346,18.83561644,479.5732,14.75329815,8.888888889,230.236557,0
송파2동,1762.974605,210346.1981,444827.222,457,2.45,823.5,4.41,18674,148,9.1,3.6,12.7,43.1,1,1,21.69736842,63.64,355.2961761,181.9914927,16.66666667,691.4833,28.07132668,11.30263158,144.0250879,1
석촌동,1541.004194,209064.409,444811.6388,0.0001,0.0001,0.0001,0.0001,31333,0.0001,0.0001,0.0001,24,50,0.0001,0.0001,16.80645161,74.58,814.6843265,690.6172829,22.05253513,413.3027,9.29019981,9.774193548,313.0917722,0
삼전동,992.8933333,208125.0397,444719.2484,501,1.7,819,2.78,29451,147,5.3,0.6,5.9,50,1,1,21.33333333,76.47,566.1359844,690.6402434,24.51361868,317.4265,8.933081998,4,321.665058,0
가락본동,1393.408131,210757.708,444180.2609,385,1.51,0.0001,0.0001,25489,122,13.7,2.4,16.1,36.1,1,0.0001,26.6635514,100,589.25438,515.4718497,19.69561325,379.7989,30.40744021,10.34579439,182.2958334,0
가락1동,2332.421492,209574.6856,443975.5655,663,2.4,0.0001,0.0001,27673,225,20.8,3.2,24,50,1,0.0001,5.355555556,83.33,646.0730181,557.4095845,11.48148148,412.8845,13.95090439,14.0031746,4.46536075,1
가락2동,1555.440308,211563.7183,444051.9136,909,2.9,0.0001,0.0001,31386,270,16.5,1.2,17.7,44.4,1,0.0001,25.64615385,100,798.3929891,226.9039832,16.96832579,342.5202,40.30426357,10.83846154,221.7579288,0
문정1동,1235.1625,211223.2256,443228.9566,467,2.37,0.0001,0.0001,19673,141,9.5,1.2,10.7,42,1,0.0001,22.43181818,100,591.5011705,291.3286805,19.01743265,696.0094,31.58040936,8.386363636,400.2435485,0
문정2동,1646.29472,210537.7563,442423.8626,0.0001,0.0001,0.0001,0.0001,28972,0.0001,0.0001,0.0001,18.3,42,0.0001,0.0001,26.488,77.78,854.8310573,473.3126384,5.925925926,350.1292,14.90755627,8.696,155.8245434,0
잠실본동,1437.506923,207305.1493,445171.9178,0.0001,0.0001,0.0001,0.0001,28300,0.0001,0.0001,0.0001,10,56,0.0001,0.0001,27.30769231,77.55,747.67178,702.1887977,23.63112392,314.8504,7.684487292,8.153846154,450.4061116,0
잠실4동,2385.218402,209650.0139,446807.1421,0.0001,0.0001,616,2.9,21271,0.0001,0.0001,0.0001,8.3,42.3,0.0001,1,15,0,272.8824676,626.977049,3.703703704,149.2647,5.606025492,15.65753425,0,1
잠실6동,1976.796061,208792.7704,446703.2523,1120,6.72,0.0001,0.0001,16657,390,21.8,2.1,23.9,42.3,1,0.0001,37.37373737,33.33,753.5634504,275.7809565,5.121293801,327.4669,4.867935753,10.4040404,157.2487981,0
잠실7동,2430.746486,206532.5939,445318.9134,728,7.72,910,9.65,9434,215,4.9,2.2,7.1,48.5,1,1,38.56756757,0,289.8290696,289.8290697,1.515151515,418.515,12.69154229,7.027027027,141.3265407,0
잠실2동,2760.344189,207014.2544,446441.4533,1158,3.31,560,1.6,35005,395,19,5.7,24.7,48,1,1,15,0,253.5139808,320.1073578,2.222222222,430.328,2.857956449,15.43773585,326.9304723,1
잠실3동,2615.832731,208331.6171,446050.7358,0.0001,0.0001,921,2.71,33948,0.0001,0.0001,0.0001,23.2,41.7,0.0001,1,23.63436123,0,273.2718245,680.0139536,3.532608696,457.1656,3.453434226,14.44052863,175.4504629,1
장지동,1589.047355,211630.9915,442622.5799,538,1.88,660.5,2.3,28672,158,9.4,2.5,11.9,41.3,1,1,16.16129032,97.22,821.9622277,356.9283139,28.41328413,942.7396,32.38716502,9.367741935,748.3654115,0
위례동,1316.823333,212444.8851,442427.7742,1328,2.95,0.0001,0.0001,45045,436,15.4,2.8,18.2,40.5,1,0.0001,1.833333333,100,1543.608599,461.8297596,32.20815752,1048.2298,35.79779673,6.833333333,1016.663352,0
강일동,1102.969798,215398.3086,451570.8748,462,1.35,519,1.51,34283,131,7.8,0.6,8.4,43.3,1,1,10.28282828,66.67,560.7549437,433.942388,52.68975682,1083.9057,18.34702821,8.868686869,1568.037809,0
상일동,1577.108769,214564.9395,450139.1037,626,1.22,0.0001,0.0001,51226,209,7,5.5,12.5,49.3,1,0.0001,4.36,90.91,478.6589403,454.5520344,36.10619469,539.1156,38.61442786,11.11076923,658.9534385,1
명일1동,1554.325528,212896.6265,450102.3066,0.0001,0.0001,0.0001,0.0001,25383,0.0001,0.0001,0.0001,6.8,41.2,0.0001,0.0001,18.77639752,100,411.459737,448.39397,21.02065614,300.9742,36.44255319,10.82608696,250.2484794,0
명일2동,1281.010233,213633.5728,449868.8469,0.0001,0.0001,550,3.22,17101,0.0001,0.0001,0.0001,18.1,39.2,0.0001,1,36.8372093,100,246.1824368,477.7963415,17.20430108,566.5986,41.16536204,8.593023256,323.4745365,0
고덕1동,1607.96589,213336.056,451363.9209,916,3.81,1223,5.08,24070,294,22.9,2.7,25.6,54.8,1,1,10.65644172,100,444.2227514,419.1644811,34.66386555,596.4333,32.27010804,13.35582822,686.9963438,1
고덕2동,1849.698672,214314.4518,451728.3945,1278,5.57,1033,4.5,22942,449,11.9,2.1,14,52.6,1,1,3.84765625,100,586.5836223,398.1388173,33.08042489,338.5959,16.46284224,12.18359375,255.3628408,1
암사2동,1365.80864,210928.6694,450841.2188,0.0001,0.0001,0.0001,0.0001,14950,0.0001,0.0001,0.0001,7.8,37.6,0.0001,0.0001,19.104,0,1027.390118,602.3127313,13.81443299,262.1126,5.954157783,13.144,782.5482983,1
암사3동,1451.040682,212249.0975,451304.1177,599,3.48,604,3.51,17220,190,8.1,2.9,11,37.6,1,1,16.07575758,0,568.1271117,311.8074924,13.04347826,600.8359,21.93245564,14.81818182,329.0909749,1
천호1동,947.6085714,212243.6239,449654.6633,496,1.89,639,2.43,26265,145,6.2,1.9,8.1,41.2,1,1,26.91428571,43.48,576.7918298,327.7164054,38.87147335,419.616,30.92876344,7.314285714,280.8444182,0
천호3동,1329.295,211781.3651,448917.8258,469,1.77,0.0001,0.0001,26539,136,3.1,1.2,4.3,41.2,1,0.0001,11.31132075,25,1146.101073,220.1687091,40.08016032,240.6229,26.40705128,17.4245283,175.983736,1
성내1동,1203.462917,211096.7141,447695.9487,523,2.68,0.0001,0.0001,19542,156,5,1.7,6.7,47.1,1,0.0001,15.08333333,12.5,628.7747319,378.3204123,15.92465753,492.0155,8.286486486,7.75,297.2345748,0
성내2동,1100.295417,211287.2326,448329.9802,0.0001,0.0001,0.0001,0.0001,24065,0.0001,0.0001,0.0001,4.7,47.1,0.0001,0.0001,21.79166667,7.14,1018.224152,346.0397364,30.84045584,218.0029,16.60344828,9.791666667,169.7200711,0
성내3동,905.3802326,211824.3991,447658.7725,0.0001,0.0001,0.0001,0.0001,22772,0.0001,0.0001,0.0001,6.7,47.1,0.0001,0.0001,18.30232558,100,808.8478355,432.5592616,25.59095581,400.2168,15.79805014,6.372093023,371.4499681,0
둔촌2동,1078.925921,213014.6296,447989.1516,303,1.24,644,2.64,24417,91,5.1,1.6,6.7,42.3,1,1,17.82894737,96.88,329.1610752,273.3216101,23.45814978,514.2492,28.98603839,8.506578947,467.3271693,0
암사1동,1233.395405,211893.4344,450267.1577,0.0001,0.0001,0.0001,0.0001,34015,0.0001,0.0001,0.0001,7.8,37.6,0.0001,0.0001,18.24324324,100,466.7540922,283.1802872,36.24454148,499.3225,19.6694813,10.31081081,217.2709105,0
천호2동,963.5545763,210782.1549,449504.8406,516,1.54,0.0001,0.0001,33425,159,3.7,0.6,4.3,47.1,1,0.0001,16.49152542,100,1156.390987,464.5290962,41.16108787,386.9553,8.435185185,7.220338983,378.5111275,0
길동,973.3956024,212900.3088,448919.9098,523,1.16,0.0001,0.0001,45042,169,4.6,1.1,5.7,41.2,1,0.0001,21,100,845.8905402,415.92363,28.12647475,413.3836,30.09994478,8.36746988,298.6774886,0
