ADM_DR_NM,meanYR,elite,univ_rate,high_dist,low_eld,subway
사직동,-23.18834986,14.67243986,35.70871741,0.400617882,-14.7547896,-0.165076163
평창동,27.89479572,23.90646546,9.693606709,0.399371329,-5.123448364,-0.31375086
무악동,-2.283201851,22.61085656,10.99388264,0.203000904,11.46712138,0.000836315
교남동,-13.04547541,34.83836044,11.65485543,0.324156028,9.61309073,0.00482177
종로1·2·3·4가동,17.68483403,18.34093544,7.642739286,0.299540356,3.391212019,-0.101029549
종로5·6가동,10.08635152,8.552433541,15.42927889,-0.161613911,7.477827817,-0.109346817
이화동,25.95131851,9.400408351,4.377698327,0.349629476,-5.239405814,0.411793007
창신1동,15.36742126,-0.459231524,12.55260383,0.372693435,2.030804924,-0.210149302
창신2동,8.267869795,-4.634139016,12.27233186,0.228517884,9.909845198,-0.212362425
창신3동,8.45945602,9.947915213,16.45108348,0.053883934,1.701076671,-0.248414811
숭인1동,9.206104226,-1.790857768,9.807275237,0.505051618,6.717638852,0.023847392
숭인2동,1.799262701,-1.160248778,13.48798244,0.328992672,7.05002371,-0.142381294
청운효자동,23.80301388,22.28812908,12.29159364,0.043860648,1.69516648,-0.204265437
혜화동,-6.260021994,7.345863572,27.25458178,-0.215274027,-9.17064439,0.0929117
소공동,-19.79744137,-13.27586959,40.16826074,0.143772674,-5.622433964,-0.120389458
회현동,-10.1338463,10.33634384,25.73573668,0.167445171,-4.009977397,0.547670411
필동,-8.61992983,21.06458237,17.88290542,-0.008762119,-0.313301671,0.598348868
장충동,6.941771981,20.45402886,14.39348375,0.152244936,-4.459238483,0.513688015
광희동,15.21887188,9.066873261,5.719721721,-0.059860442,17.87902908,0.096238211
을지로동,-2.962552452,13.79070984,18.442651,0.130494786,2.348522019,0.228366299
황학동,11.39944391,10.18488473,6.468803298,0.27209872,2.276704077,0.695906468
중림동,-19.23267321,9.580956019,23.68484643,0.240665696,5.993680619,0.226831585
신당동,34.55681711,9.466054963,1.26572961,-0.08304146,6.481255741,0.986668611
약수동,24.68178198,27.65764369,9.347392537,0.210436079,-5.191030556,0.756164876
청구동,22.11552757,11.47767305,9.304886591,0.184151082,2.917195421,0.361227014
동화동,-0.895624846,3.324059294,27.66723906,-0.079348068,-6.929569451,0.909142018
후암동,-23.44616661,-3.562938569,27.95515277,0.642871507,-3.127998172,0.387855477
용산2가동,-34.24644067,-20.75433435,29.544158,0.952260761,-13.22875195,1.283793601
남영동,-18.23193984,6.215406532,35.09820907,0.473052413,-8.142079979,-0.10318236
원효로2동,1.994691149,4.640570972,23.4804788,0.500664215,-1.537462625,0.063080758
효창동,-2.022583529,16.66811206,23.98773691,0.707954222,-10.09634233,0.214342398
용문동,-7.795590402,10.08995897,29.64039756,0.37864245,-10.19052731,0.405607213
이촌1동,-2.550848458,25.28586806,27.93761607,0.562945314,-15.83906307,0.465565276
이촌2동,2.552489771,13.68916551,33.07447456,0.356024424,-24.28327621,0.496632182
이태원1동,9.715099578,25.66140411,40.18516059,-0.208144286,-16.53197154,0.012133862
이태원2동,-4.254580788,6.739921283,27.44467104,0.471902931,-21.77942525,0.911656631
서빙고동,31.06925925,13.28966735,22.82208766,0.350592645,0.539854858,-0.41812964
보광동,-2.585375411,17.50165841,42.68692936,0.011094532,-29.99070409,0.597128624
청파동,-21.59463176,0.936165421,30.23595124,0.234235732,-4.204949311,0.624349518
원효로1동,0.48837653,9.390052173,25.43587043,0.734425272,-6.217797447,-0.073443735
한강로동,-18.75140461,10.94557488,45.9094718,0.189899039,-21.57454649,0.569360567
한남동,6.151408484,30.98500888,37.37116619,0.007675589,-29.56307535,0.635313355
왕십리2동,16.50891931,6.373565288,2.889585744,-0.012818475,9.284151926,1.425553557
마장동,23.98955828,18.32574987,16.12484978,-0.33968579,-7.099933022,0.649810843
사근동,20.58665594,6.621850168,10.60349767,-0.29764662,12.99066956,0.524750197
행당1동,9.739515351,3.923318186,34.75125859,-0.399114005,-12.85195562,0.791769585
행당2동,5.052852335,12.48758054,27.30034701,-0.39132505,-0.114593743,0.429729022
응봉동,8.465293128,5.85347345,8.476548732,0.551654691,4.628619866,0.980717949
금호1가동,2.836455024,12.38044978,18.37263229,0.573806704,8.949275702,0.016575182
금호4가동,17.70212825,4.655955793,28.6899036,0.457172029,-3.273441085,-0.020916137
성수1가1동,25.93166368,25.58549308,2.355833567,-0.24263888,-4.77763804,2.455018345
성수1가2동,33.94481176,23.52775271,-3.424692623,-0.19254353,8.408466038,1.614300918
성수2가1동,30.3620109,13.23717337,13.67732064,-0.359912801,-22.99289339,2.605506875
성수2가3동,38.64533699,17.38884661,3.185777726,-0.547011959,-8.801876506,2.408961294
송정동,29.60003808,8.775404984,17.42506554,-0.162375794,-19.22592602,1.109457186
용답동,6.089659568,6.169134065,15.13295223,-0.331022563,14.78137714,-0.015298143
왕십리도선동,37.86340278,8.149183942,19.18409659,-0.288500773,-23.1556135,1.779923638
금호2·3가동,20.1379517,4.324361988,21.2257353,0.377657277,3.771641949,0.153611585
옥수동,30.78318091,7.843461955,12.81000335,0.380612776,-7.414234019,1.137863889
화양동,15.29251428,10.99197761,13.38870951,-0.25091665,2.877212696,0.659052064
군자동,17.19095981,4.422722933,21.04999066,-0.27023947,-3.858471656,0.373789984
중곡2동,-6.425673591,-2.465831949,13.94391422,0.236955841,1.268026428,0.61214866
중곡3동,-12.17421659,1.930664374,21.1453678,0.104601347,-4.068741622,0.339477887
중곡4동,-17.69187549,-2.153485573,20.49141677,0.263845121,-2.517536066,0.553293535
능동,-2.907129109,-3.421133049,22.63351861,0.287186509,-3.822041879,0.091179754
구의1동,2.868232156,11.15040588,18.66745528,-0.043903925,-9.515324271,1.292153269
구의2동,-7.431485755,-2.35078574,21.51687673,0.435005819,-15.65947088,1.102816193
구의3동,-1.521083673,12.52367735,24.74390259,0.102321741,-13.658371,0.831955716
광장동,9.066376158,3.871002942,19.33620057,0.068031776,-9.472665769,0.877951605
자양1동,16.78244162,0.318268567,15.9503404,-0.205156827,11.03870692,0.196636084
자양2동,6.455057437,12.34416673,17.93451939,-0.013469775,-0.689983137,0.800445378
자양3동,23.07637405,7.413748181,22.55546369,0.107868556,-14.8259185,0.89758328
자양4동,26.36385302,5.73181975,19.52097447,0.118356948,-12.26573892,0.901317654
회기동,7.160520955,15.61925469,32.10798065,0.285090732,-17.31864677,-0.641228362
휘경1동,-4.915616311,10.44234963,10.47752919,0.354151399,3.159320581,0.085934489
휘경2동,7.640337112,19.63314405,21.02926592,0.021941877,-5.552822584,-0.191542387
청량리동,-6.028771738,8.28804126,19.61214861,0.346097827,-5.911539946,0.011654128
용신동,3.715557652,9.907716793,8.271548479,0.422329616,2.903581675,0.154108192
제기동,-3.565956462,7.195040768,9.979844736,0.284738905,6.534544001,0.067808533
전농1동,0.463097848,10.74694541,11.63866909,0.285382834,5.143824255,0.009134407
전농2동,1.122618078,26.1399094,15.51563859,0.193031485,-1.56052118,-0.071107268
답십리2동,11.03095685,5.714032621,16.00970656,0.037468027,6.317652147,-0.238026278
장안1동,8.284410207,4.347522694,12.17491738,-0.270845069,13.71322399,-0.054359693
장안2동,1.117878821,10.95630284,7.276579299,0.024713677,11.49933288,0.118290824
이문1동,-10.13982662,16.23823593,8.368512011,0.314200686,8.327279501,0.049935551
이문2동,-1.676975,18.88524305,7.234840506,0.172070847,6.819119944,0.085029074
답십리1동,5.243452629,3.873381809,18.43140563,-0.284771466,17.9744397,-0.278400248
면목2동,-7.70142454,7.0256182,15.81979138,0.325113907,0.517400736,0.004542295
면목4동,-3.639599074,3.593757301,13.97824938,0.208180788,-0.061041846,0.245959752
면목5동,-17.82441389,3.647600424,7.580028844,0.741248227,-1.655492429,0.55501006
면목7동,-2.138497928,2.754831487,12.98960618,0.327298941,-1.785450373,0.327510758
상봉1동,-3.398957846,16.16406942,15.70119705,0.276472867,0.774112141,-0.187438261
상봉2동,-4.023562657,5.368011485,17.40235371,0.193210672,0.47415663,-0.100375805
중화1동,7.258273548,15.48846204,14.70827032,0.152202695,-1.061916989,-0.169420297
중화2동,0.106956398,4.86085861,14.73184755,0.176545231,0.835983019,-0.023496798
묵1동,0.219832617,16.65751924,14.48649378,-0.072491554,1.786870152,-0.019404185
묵2동,1.895441702,19.66612197,13.82685237,0.050866096,-1.947472661,0.054007305
망우3동,-4.692774588,6.456496156,12.07536751,0.345144852,2.889859162,-0.036787004
신내1동,-0.205557479,7.05829895,13.3440912,0.21356966,1.821529164,-0.081233309
신내2동,0.25014012,17.66056923,15.35991588,0.064434087,1.714047493,-0.174270614
면목본동,-6.940257495,0.936714502,7.18786102,0.610926019,4.018846348,0.151406967
망우본동,-2.471452169,4.982217924,13.29621312,0.320192916,2.389961335,-0.121653964
돈암1동,-6.381986532,5.588733379,20.07841019,0.067847153,1.55607282,-0.108390134
돈암2동,-5.100940958,9.879258604,20.62309222,0.395465388,-4.432154359,-0.202894077
안암동,-15.59165412,1.045323019,21.72132975,0.317011936,-4.924778037,0.403408536
보문동,-1.113144242,0.905475011,16.19843442,0.35457972,-0.871081642,0.208032735
정릉1동,-16.03793689,2.347097443,18.35348636,0.311280059,5.970761294,-0.138845264
정릉2동,-12.59877744,2.280628739,22.95723515,0.237507756,-0.347947273,-0.134267869
정릉3동,-16.5854329,3.400036169,18.77717935,0.215017896,6.110892055,-0.141692707
정릉4동,-16.9007787,7.105790806,18.62595264,0.220458927,7.200515574,-0.193593455
길음1동,-7.752544282,3.375073425,15.29493979,0.064387695,9.394189025,-0.129701987
길음2동,-3.262170682,15.21230755,20.10300007,0.273995412,-9.356829093,0.078790536
월곡1동,-3.055763058,8.201092739,15.94918336,-0.003205225,0.616052634,0.260970633
월곡2동,9.467075522,14.01084701,0.413490626,0.344319875,8.903053598,0.042040493
장위1동,0.111199403,9.792251882,8.175614584,0.070950005,8.257213511,0.031047339
장위2동,-1.108161195,6.965454881,7.436675769,-0.007519706,11.90260173,0.076749573
장위3동,1.632619077,8.342753756,10.31743864,0.143864901,5.658219583,-0.03735678
성북동,6.796489008,35.52048424,17.93651741,0.043418705,-9.991893936,-0.106353334
삼선동,-9.668822383,-1.868968111,20.06489811,-0.109480636,8.415803675,-0.055841442
동선동,-18.47093515,-1.695186479,21.16232767,0.072938328,7.699555146,-0.106523952
종암동,-8.202543138,6.490971007,16.8575503,-0.126013183,7.039941321,-0.008554407
석관동,4.546300774,13.81035848,5.252497238,0.134135633,7.608441519,0.079214142
번1동,-0.09865146,0.135078018,16.25483406,0.081540105,3.661166506,-0.175516014
번2동,-3.627459811,7.850455284,13.95573824,0.109523667,2.942072721,-0.138373869
번3동,-7.062760232,4.48665246,17.73559869,0.221763908,-1.890961624,-0.103394498
수유1동,-3.715634648,0.038175002,14.73984305,0.003715134,7.536582406,-0.107501511
수유2동,-5.687270509,5.401239369,12.36331425,0.113647189,8.312379638,-0.142471739
수유3동,-3.177328387,7.508346238,13.10867139,0.144398151,4.398199443,-0.139317808
삼양동,-2.648809891,7.448079665,13.91110322,0.023075545,3.465447275,0.00254824
미아동,1.660356817,1.727221806,15.73113804,-0.077419216,5.862474519,-0.118602395
송중동,-5.369149463,5.16988474,11.96217798,0.078692538,8.377504364,-0.107211394
삼각산동,-4.719208199,5.097785491,13.4591468,0.02587571,8.351490751,-0.085382661
우이동,-4.589164947,7.481510744,11.76901583,0.137304538,6.47049804,-0.144406416
인수동,-2.888197884,3.523564972,11.18231014,0.024078886,10.47531499,-0.136384515
쌍문1동,-3.75705467,11.01054138,11.56031913,0.250441052,4.496011837,-0.206644592
쌍문2동,1.422249172,14.89352449,9.275059749,0.227367399,3.351605415,-0.232267423
쌍문3동,3.429363144,5.594025626,9.906765123,0.079021575,7.58741486,-0.206281216
쌍문4동,4.020500842,12.63866037,7.36933029,0.28262294,3.950731338,-0.235824786
방학1동,5.360257866,12.96281393,10.19765899,0.246689326,-0.600732102,-0.220807345
방학2동,0.385234503,11.48949005,11.65326196,0.055477064,7.059371545,-0.294648318
방학3동,3.42476233,14.99676017,8.593169701,0.380895117,0.190690562,-0.253865367
창1동,8.376889495,12.68478277,10.73629319,0.06849911,1.950320276,-0.179877986
창2동,1.141750695,7.794807294,14.34285051,0.090854893,2.696661614,-0.196600731
창3동,-1.479578353,8.278317461,17.97324618,0.004492736,-1.285455311,-0.071238741
창4동,12.03505781,9.655149827,9.54560798,0.078016754,-0.111787082,-0.135239313
창5동,10.91846207,19.17469638,6.961599477,0.232595502,0.311365788,-0.229892944
도봉1동,2.444649571,7.672179741,15.53671134,0.084573459,1.580140869,-0.294561178
도봉2동,3.938939551,11.40727158,13.81644162,0.044205948,1.328657107,-0.226136126
월계1동,6.63511143,7.039758849,6.556106454,0.058043076,8.26238313,0.089970741
월계2동,0.183860097,10.89155372,17.23352053,-0.184750375,1.966906748,-0.088925661
월계3동,8.179730025,15.66872715,4.28383311,0.143863352,4.400651223,0.202009855
공릉2동,11.6753051,20.62268122,3.139530082,0.234436598,0.405843898,0.212310156
하계1동,7.218445341,3.487403509,11.26935007,-0.086219805,1.496037469,0.15796564
하계2동,8.877684824,15.92476991,3.67162523,0.240686023,2.371253728,0.19306388
중계본동,7.568615687,7.048992736,11.68441628,0.016805052,0.090832568,0.074262996
중계1동,6.524771305,10.85689008,13.44615521,-0.139956963,0.039038031,0.042858748
중계4동,0.953897695,12.51620986,14.98079801,-0.096486405,0.048005888,0.078527533
상계1동,7.820178111,7.481809429,12.36382203,0.040190991,-1.633051155,-0.000177556
상계2동,8.260519718,10.45724322,12.48413788,-0.126038472,0.652573839,0.032824784
상계5동,4.128371268,8.727715109,13.95190497,-0.100341164,0.650046169,0.027219378
상계8동,7.386490522,4.985678709,14.44314037,-0.05262957,-1.083398913,-0.048880065
상계9동,7.148186618,6.208803765,14.18084354,-0.196409217,-0.175176429,0.056585666
상계10동,8.219799434,-2.97655361,11.24530001,0.159993565,-1.12263793,0.151067191
상계3·4동,5.674006258,11.32609092,13.43082775,-0.054133751,-0.19278295,-0.005278943
상계6·7동,13.84817074,17.05173662,10.24474234,-0.036080553,-1.912330577,-0.110356104
중계2·3동,9.082600546,3.436456259,11.03659809,-0.057093517,1.096738594,0.086679163
공릉1동,3.531065991,14.53169277,9.086432364,0.113052402,0.293933116,0.130511293
녹번동,-14.61368663,40.0671716,5.630622104,0.10967753,17.39495187,0.064040819
불광1동,-11.9771909,52.96926694,6.839600153,0.123009081,13.34935169,-0.047808518
갈현1동,-12.96416534,47.79109803,6.767219292,0.117461642,14.15455501,0.027953379
갈현2동,-13.49035075,54.87861755,4.152466201,0.08939853,20.68880232,-0.183528536
구산동,-13.32475697,25.5897277,1.841711285,0.281079881,18.14167028,0.054434363
대조동,-15.05917006,31.68144881,3.95105622,0.207306171,18.75074604,0.020439526
응암1동,-7.236853273,58.23411418,5.664317328,0.134706184,11.6057482,-0.029658082
응암2동,-6.532605967,63.38329987,7.934221582,0.096154988,10.08001383,-0.192693217
신사1동,-7.149543372,32.15447014,1.021491528,0.386013883,13.28996569,0.083570435
신사2동,-12.48971941,24.94634421,5.543422441,0.240359981,16.1019178,0.001602721
증산동,-1.135623131,42.43686814,10.63697057,0.219853942,5.143570967,-0.07306011
수색동,5.737075635,41.18323571,9.51828793,0.174774435,4.798760897,-0.041135446
진관동,1.112711373,29.31160013,7.006933039,0.322943619,5.445520721,0.001645787
불광2동,-19.74737846,23.21684452,10.17716805,0.133530948,13.71030399,0.138665203
응암3동,-3.765562992,55.77352926,7.091063285,0.096030366,8.743554671,0.00787204
역촌동,-11.54975629,52.50146032,5.562618224,0.112866414,16.13073258,-0.102821682
천연동,-19.11232047,18.89062146,16.84666413,0.313443067,8.925652222,0.065679908
홍제1동,-3.760397532,29.4682894,6.044721991,0.237503899,15.99646471,-0.189933749
홍제3동,-4.691799046,44.58415115,9.030310374,0.113792899,9.102065684,-0.121928066
홍제2동,-1.530382152,39.43026963,7.716861644,0.29281609,8.51501611,-0.235496838
홍은1동,-11.2245393,41.08202598,10.71592731,0.309184669,4.204344076,-0.140390286
홍은2동,-2.271068576,30.53140861,3.839794224,0.14449772,17.60303213,-0.06197711
남가좌1동,9.675253812,31.68046591,5.570600468,0.141575313,12.67714304,-0.061571226
남가좌2동,8.391895741,35.09187866,-1.117696759,0.200612459,15.4954616,0.022090108
북가좌1동,4.508703183,35.10688986,7.672445735,0.336409908,6.751567846,-0.036986749
북가좌2동,-12.22048068,29.05770676,8.746109249,0.042467841,17.6753907,-0.009654007
충현동,-17.41414415,11.68704808,15.29875092,0.129068149,17.46972887,0.221959116
북아현동,3.703967922,6.739180948,13.68924997,0.610049704,10.67819143,-0.190650101
신촌동,17.93800976,1.35476794,12.88782059,0.220618,14.70286436,-0.449054286
연희동,-11.06202758,3.253023451,16.10059898,0.112544648,19.06082099,-0.167195002
용강동,-7.144695798,24.82718142,20.10453078,0.40737983,4.407204367,0.210467089
대흥동,-31.84471333,4.214534648,19.66823948,0.104953133,31.96101758,-0.129531761
염리동,-13.10876071,12.7412536,18.82351662,0.180741336,19.68637644,0.089304365
신수동,3.809944728,12.45561332,20.51780501,0.231852269,8.525500314,-0.052288412
서교동,37.47986121,7.446258919,6.874072797,0.512802204,1.223422635,-0.344403699
합정동,7.626082165,20.78777658,12.97782676,0.439955209,4.888606928,-0.201052283
망원1동,-3.552816697,18.42134275,16.02978849,0.273041337,12.47837728,-0.33759203
망원2동,6.716645711,27.434044,7.643362011,0.44162799,3.858828183,0.036810646
연남동,9.174534684,5.662958659,13.76681381,0.366922861,11.94860169,-0.320534003
성산1동,14.09714106,25.65471576,8.270541214,0.41534567,7.971755612,-0.318305521
성산2동,7.076301398,13.1478246,9.895178774,0.214798752,12.41122244,-0.098442111
상암동,17.50655466,30.02796893,7.05824383,0.222712236,6.81933885,-0.104292324
도화동,-1.242989969,7.944529208,23.35551147,0.201529003,6.741830047,-0.067897918
서강동,12.70581917,23.66209603,17.71934047,0.126140213,4.68264639,-0.225618245
공덕동,-7.683259453,21.45607978,24.62122264,0.344755742,-0.366670984,0.052889071
아현동,-4.566742406,9.689308865,21.33455387,0.099777583,15.92778606,-0.057488139
목1동,32.04582534,7.287448341,15.0442432,0.164744328,0.856438566,-0.18889168
목2동,18.61095739,22.70122484,16.21635178,-0.237939162,1.299157738,-0.038554683
목3동,4.642933188,29.91846351,19.27537511,-0.237994028,1.433122739,0.013139186
목4동,10.2546212,26.99964214,22.11903942,-0.359972788,-1.917586729,0.006367347
신월1동,3.388848619,20.6125864,19.64017492,-0.069934314,-5.863517631,-0.016704626
신월2동,11.63374882,44.8976104,16.4462065,-0.269129199,6.35009845,-0.073760788
신월3동,19.38857221,28.10292293,12.83180967,-0.134764177,-0.06570439,-0.153746979
신월4동,7.551822252,10.61323749,16.89168839,-0.164176059,8.120689684,-0.093353314
신월5동,11.63233514,11.97237676,19.71654374,-0.176567161,-2.311653232,-0.226164771
신월6동,25.97249834,8.966378557,27.24442083,-0.321567197,-1.43371064,-0.353976342
신월7동,14.43718968,48.4314627,11.77295265,-0.078853407,3.936269628,-0.088221883
신정1동,34.74602829,18.64054558,12.94846772,-0.143877124,5.139656061,-0.153702673
신정2동,29.10808993,6.978079705,20.30918264,0.145150537,-4.207426317,-0.319431781
신정3동,23.43527344,40.68925496,15.13327551,-0.280090394,5.514617463,-0.166722503
신정6동,34.76103685,12.87106635,16.87689163,-0.118666588,0.519649158,-0.249625159
신정7동,34.11370494,13.00661179,19.68549068,-0.370629338,1.318099891,-0.267270573
목5동,22.87065705,15.69730512,17.38483293,0.10076659,2.678770105,-0.210451933
신정4동,32.21811156,2.307261901,29.44172156,-0.601614427,-3.424393912,-0.324687007
염창동,16.11081087,21.75308665,14.45245056,-0.083281881,1.422955943,-0.041635736
등촌1동,10.7091553,22.0141815,14.31916331,-0.082546805,2.305409065,-0.015093284
등촌2동,17.26421258,25.55701158,13.09640444,-0.219941615,3.690626185,0.000927305
등촌3동,-6.452222855,21.51656997,19.42735898,-0.167477484,4.997768248,0.038856021
화곡본동,6.31021569,51.12966848,16.25854181,-0.135031052,-0.274501093,-0.093340002
화곡2동,-1.863552509,70.09178126,14.39868607,-0.045446665,0.776829325,0.043719712
화곡3동,9.123431284,13.94810984,21.49006986,-0.207826579,-1.780700995,-0.16892799
화곡4동,-11.00436283,20.27891447,26.30360161,-0.277935387,-0.005975447,0.005867489
화곡6동,1.528248607,56.65960971,14.8496381,-0.141833581,3.785171887,-0.03719737
화곡8동,9.748289188,17.51577392,18.19694988,-0.20496618,-1.83085407,-0.029835959
가양1동,8.080345822,15.2650896,15.5520026,0.002537442,2.464441328,-0.007256991
가양2동,0.448039279,53.57684769,16.53357519,-0.026845274,3.801781812,-0.069541508
가양3동,1.275010114,31.07149625,18.33168644,-0.157337285,3.316438526,-0.02428442
발산1동,-13.50483191,50.26739474,21.46358813,-0.169062971,5.176487578,-0.057915333
공항동,-27.98563162,59.53061494,25.6888203,-0.148085583,5.89537037,0.034569492
방화1동,-7.168211272,24.8979602,20.75743199,0.088660895,2.419880201,-0.006324815
방화2동,-20.11711892,43.1369488,25.47724202,-0.11160016,4.363069127,-0.003992573
방화3동,-16.97782211,37.25399717,23.41816768,-0.081569693,5.034456069,0.016095069
화곡1동,-2.535241304,15.88004459,22.16690144,-0.048606815,-7.139118422,0.025127645
우장산동,-3.350537897,51.16735773,18.76905553,-0.122954281,3.256807694,-0.077766963
신도림동,23.23709807,19.29024045,11.73713257,-0.121466172,2.83695025,-0.052536077
구로1동,11.27819096,15.89383834,13.02536133,-0.102358553,6.169090789,-0.009143608
구로3동,2.738965915,26.54401864,21.85022382,-0.078085746,-5.727139861,0.033159533
구로4동,4.216109342,34.88954509,20.57902953,-0.064610125,-7.650989971,0.024628236
구로5동,6.027230742,27.98456323,19.37319777,-0.113918818,-5.556326714,0.085200904
고척1동,26.0541601,22.26805936,7.357345973,-0.085112098,6.454051049,-0.112085118
고척2동,24.24434424,43.49751984,3.731368497,-0.24957541,14.88038516,-0.108263733
개봉2동,23.51217196,11.78612599,8.550035657,-0.187212511,9.185977458,-0.109502197
개봉3동,7.258589557,59.99556779,-0.056579162,0.056575236,13.99299569,0.120324921
오류1동,11.61528885,56.61367713,5.497669498,-0.05758397,6.162326831,0.089103079
수궁동,19.08027244,21.44937504,7.533967175,-0.052259025,0.367895263,0.128505552
가리봉동,0.245794085,2.96428864,27.6960601,0.018573334,-12.91132744,-0.009095327
구로2동,-1.634295411,16.42100869,26.43618514,-4.45E-05,-12.3168159,-0.015565725
개봉1동,15.8649385,36.26511827,7.951670962,-0.193253929,10.64887641,-0.04082693
오류2동,14.90904948,36.50671137,4.907055465,-0.102143189,12.18491316,-0.021187806
항동,13.44195927,37.74744955,10.60483154,-0.004088453,-4.794978161,0.084701551
가산동,-3.359991301,24.9827475,22.92883655,0.126455401,-10.68245762,0.00748561
독산1동,2.278293902,5.8481371,23.82195185,0.100332375,-9.249766316,-0.071748758
독산2동,0.098345695,-10.68434537,28.38260859,0.068546727,-11.56941362,-0.115237846
독산3동,3.539476209,18.17223261,24.63419958,0.032466265,-10.39744219,-0.073983728
독산4동,-6.101482594,19.10690017,28.85925756,0.071855804,-11.42662334,-0.097841972
시흥1동,1.859319292,48.01067334,24.77804364,0.192954459,-17.34581742,-0.072061702
시흥2동,-2.546859299,28.67461346,27.0026593,0.184942817,-9.811253211,-0.144023931
시흥3동,-0.973989576,12.12671383,23.63322077,0.16265347,-8.499384129,-0.090745002
시흥4동,5.610372873,28.18167559,25.70086866,0.111116088,-15.50501717,-0.09873921
시흥5동,0.179092119,12.46892815,27.55253033,0.173639288,-15.6950551,-0.10202225
여의동,-2.645580038,38.53627731,29.51745621,-0.011624673,-3.038490012,-0.201455085
당산1동,15.07895324,3.747983531,21.39058375,0.225071047,-13.07100471,-0.075620427
당산2동,27.15628729,4.62781234,16.45548875,0.230977442,-7.386408882,-0.103464065
양평1동,28.86398776,3.211492504,15.06408355,0.045364132,1.529701186,-0.168165871
양평2동,32.3203808,4.72511028,14.31748588,0.230469248,-7.236645123,-0.192775753
신길1동,0.816048797,25.42988356,20.9597105,0.007199582,-1.729514566,0.203050938
신길3동,-6.190436109,41.626829,25.53475739,-0.428598947,7.972212922,0.010135227
신길4동,0.852935299,16.55065211,29.05522934,-0.290547936,-2.316365359,0.071246674
신길5동,-2.28738678,5.595881585,32.34126265,-0.297944013,5.1803536,-0.128158055
신길6동,-3.695930997,31.32021702,27.56137308,-0.166008487,-1.928924487,0.009353279
신길7동,2.654319112,23.4002544,22.07647773,0.103473914,5.081983986,-0.160905159
대림1동,-10.52004751,18.18256998,37.80142917,-0.467302912,4.069001639,-0.375608845
대림2동,1.695666944,15.75833181,27.9302285,-0.211001363,-11.3885942,0.179837199
대림3동,-6.645833849,10.74268969,33.72042431,-0.336537313,-3.920488755,-0.067183793
영등포본동,-4.1317394,8.838712985,25.18103482,0.135712109,0.662832578,-0.065647194
영등포동,25.57778052,3.951048789,18.97041431,0.111862525,-7.181754101,-0.181287424
도림동,-0.74402255,10.34604302,25.19225117,-0.083090244,-2.460218528,0.055034644
문래동,20.98045355,4.245485044,16.95415995,0.115894715,-3.936702841,-0.048993288
노량진2동,-2.544534562,-6.306079692,25.50565333,0.280717281,7.970925186,-0.32270145
상도1동,7.530639238,11.39586876,32.4864009,0.202259093,-18.52411619,0.006831051
상도2동,-3.704196,3.576779135,32.26404739,0.189022455,-6.67995561,-0.147737623
상도3동,-5.937711064,54.08445295,21.04248107,-0.148574155,7.11659398,0.025042883
상도4동,-1.568425229,24.21792136,18.48329919,0.273488184,5.883577297,-0.118676754
사당1동,12.35118433,35.4384828,16.28486584,0.232465182,-0.898526034,-0.069303892
사당3동,-6.575894424,15.22089879,36.04914709,0.174368741,-20.77294848,0.272185475
사당4동,6.551403721,24.60805601,21.96240344,0.293309055,-5.978189873,-0.033360066
사당5동,21.18611881,6.168036568,20.46171017,0.475243752,-14.11135478,-0.037519076
대방동,-0.286916207,50.2408592,19.80584221,-0.032304804,4.669536378,-0.063292477
신대방1동,3.154028212,30.81054369,25.95243703,-0.066813266,-10.87219826,0.036596792
신대방2동,4.311449547,25.91827401,21.25838481,0.046432374,-1.992604327,0.028966947
흑석동,-22.67753602,30.39290292,44.08365064,0.047955091,-20.45876252,0.200143008
노량진1동,-3.839914958,29.29272706,21.32758343,0.187913739,7.170530732,-0.161563563
사당2동,-2.981612371,10.49069967,38.34454056,0.471903598,-26.50339757,-0.009135027
보라매동,16.63859459,25.72434724,15.49236151,-0.034763688,-4.045477544,0.05701413
청림동,9.368926349,17.14588619,21.11321178,0.488431853,-10.43875397,-0.083864016
행운동,-5.349898113,16.44632345,17.56218595,0.199043843,-4.484198549,0.481410971
낙성대동,-5.476967511,27.75878541,14.46883227,-0.016927554,4.628932156,0.385801447
중앙동,5.338946626,9.309427149,18.2527776,0.084302573,1.264457634,-0.040295222
인헌동,3.133157903,15.42236133,15.53782724,0.165309607,-0.650456703,0.171465169
남현동,16.90947444,42.56658808,9.764317696,0.285721613,4.537958036,-0.053901135
서원동,10.24487036,8.11924865,18.85163103,-0.082266412,-5.079304417,0.110784153
신림동,9.896770669,3.978481482,20.28609913,-0.14345167,-3.899123031,0.082743661
난향동,7.330331052,34.59442147,17.39202751,0.110443128,-3.198441449,-0.098888587
은천동,8.692928956,21.62485522,20.5583379,-0.039918716,-5.858518564,0.143110937
성현동,-1.616070865,18.25867324,23.14395977,0.188546248,-5.326223885,0.09912209
청룡동,14.24404599,25.88464285,18.73004273,-0.18491838,-5.336403011,0.139330182
삼성동,-1.801221129,55.39351337,34.7970214,-0.182226127,-17.22554726,-0.13069282
미성동,11.70467473,2.356533621,23.14749216,-0.040784619,-7.666188024,-0.100440981
서초1동,11.06876388,40.33011603,21.46296949,0.095618132,-33.16901363,1.059724888
서초2동,23.46127919,35.77717107,15.90848704,-0.101727143,-5.290714199,0.351868512
서초3동,5.196316382,28.06080783,31.54814754,0.14735573,-31.00254989,0.713486169
서초4동,21.87227132,43.82939607,17.24528266,-0.43706018,2.249968097,0.582177667
잠원동,-16.763199,36.50896908,15.85006434,0.286227864,-31.17306249,2.738911429
반포본동,86.38370486,-12.90742365,-0.356039286,1.359386764,-40.60655879,-0.211719906
반포1동,-16.35452014,38.66321691,40.46504637,-0.261907165,-24.30016984,0.908876363
반포2동,-35.4825151,36.99220568,57.25915588,0.078041633,-35.29839174,0.195025501
반포3동,-13.57587205,35.36113165,43.02585459,-0.206869945,-25.12024886,0.562986185
반포4동,-10.81492855,36.10470752,44.45263843,-0.056236915,-29.10303663,0.25140958
방배본동,-5.143345758,1.764523355,53.96493706,0.467650498,-42.60526847,-0.321027683
방배1동,-16.73578104,14.63824649,57.45165096,0.172655491,-33.1548379,-0.157658872
방배2동,-3.379899228,27.31544383,29.62743967,0.658467879,-11.56184517,-0.267780212
방배3동,17.9213509,19.32035762,25.34126875,0.014038419,-4.955349422,0.159336957
방배4동,-11.03001191,6.843219191,43.83018777,0.351346809,-22.49740143,-0.00932225
양재1동,-0.124432601,36.12817569,29.57018192,0.272960094,-9.562996995,0.061788186
양재2동,-16.19183017,55.25114453,26.95206938,0.189925524,-1.914215889,0.068130376
내곡동,-5.85198036,61.96974038,23.23571991,-0.075124572,-5.055009278,0.226936628
신사동,22.65131965,21.91048108,35.13479453,-0.193368979,-34.15246261,0.548156017
논현1동,8.778696839,38.79857514,34.92585867,-0.2754412,-42.22916052,0.901485521
논현2동,29.34258281,17.06159142,33.0860808,-0.691262843,-24.51858603,1.180709015
삼성1동,8.242547191,16.99390238,44.97067058,-0.056723489,-43.6551081,0.66250569
삼성2동,28.10241024,13.62003119,45.46209111,-0.602212779,-28.47742875,0.201675271
대치1동,-27.29902331,40.37748779,50.7549119,-0.518431797,-22.44745153,0.775358501
대치4동,-13.27014906,36.91881112,41.67159347,-0.541430239,-41.82838266,1.05917599
역삼1동,4.743125256,32.38317543,31.95585848,-0.152922988,-40.00572802,1.143529827
역삼2동,3.38917518,32.01561756,32.75379182,-0.573637632,-37.87277553,1.449738259
도곡1동,7.855025732,26.89183467,32.9443115,-0.228602692,-20.28726078,0.62635585
도곡2동,-8.030445949,41.14556418,41.83582464,-0.909522729,-12.14076671,0.892570399
개포1동,-26.27256015,36.04142128,53.78344874,-0.301137679,-27.52275175,0.546130296
개포4동,-17.29069049,37.78972809,46.33800303,0.161160035,-34.40553712,0.315951162
일원본동,17.53551305,13.27937888,30.83168987,-0.717125343,3.819660138,0.561582714
일원1동,-3.772457462,31.80970301,32.94988768,-0.561274047,-15.58724007,1.001268693
개포3동,-2.71409121,29.63412097,36.76150157,-0.488701821,-20.03875905,1.044487211
수서동,12.77962901,15.60340318,28.65721526,-0.146973013,6.657005213,0.08827849
세곡동,-4.089830201,24.3219473,35.2012907,-0.387627179,-2.541659301,0.323671587
압구정동,15.23240083,12.18725236,30.72997568,-0.234720614,-28.59489822,1.763136986
청담동,14.57774735,20.79824456,51.14925183,-0.667756738,-31.42106696,0.361790612
대치2동,-17.44756447,40.5017837,40.2535378,-0.208764878,-32.3971056,0.971692936
개포2동,-18.86500017,29.48489601,46.81663711,-0.272612133,-22.26948524,0.721986338
풍납1동,3.634830849,-3.082050836,36.48439647,-0.189910254,-10.27765148,-0.146284801
풍납2동,-12.60917316,19.74305399,54.67539698,-0.476692104,-19.32806655,-0.719440006
거여1동,28.79140313,-8.359108508,11.06685558,0.215983662,-11.65136383,0.812397268
거여2동,3.38719425,14.03119463,29.8545724,-0.20694469,-30.45047857,1.016462369
마천1동,8.689591787,-6.019622436,22.32339854,-0.524282245,-3.207584279,1.060531189
마천2동,22.23826395,-6.514264052,15.10167209,-0.182775903,-6.859585727,0.811505897
방이1동,5.865242976,36.94754685,23.21803739,-0.06367906,-16.41968604,0.389104878
방이2동,5.435340749,25.58471816,26.42814469,-0.29700208,-12.32488566,0.486093526
오륜동,-11.19742292,35.52007193,35.43866805,0.065739185,-30.88828961,0.640804921
오금동,15.41246729,10.32068858,27.42017356,-0.149089158,-41.06343202,1.225239027
송파1동,1.90723713,37.02739246,21.5370774,-0.32184834,-11.49102959,0.87675896
송파2동,2.417903226,36.62092372,22.90125837,-0.382786884,-4.967440811,0.601346159
석촌동,-3.910834226,27.82876396,23.6123717,0.025978448,-25.76250299,1.295172185
삼전동,3.350336243,19.15673496,29.99570837,-0.129282887,-37.1226814,1.310440757
가락본동,5.66734183,26.57508759,24.6737197,-0.156518957,-19.24445126,0.833996363
가락1동,-11.12432255,31.36952917,41.42456194,-0.481976405,-30.52231009,0.89242155
가락2동,9.423681907,25.23955674,21.25670123,-0.009151349,-25.39676333,0.880497118
문정1동,-2.164486062,39.51098381,21.10069921,-0.027893577,-11.61493668,0.500532585
문정2동,1.123969174,42.69778807,26.75111405,-0.394292799,-15.96161331,0.658605221
잠실본동,6.106019824,31.71120813,27.76174472,-0.497313574,-29.7390723,1.416123987
잠실4동,-17.76461787,30.49963586,50.15455461,-0.129570957,-29.56172012,0.029655398
잠실6동,-6.919956976,26.76130653,49.24110154,-0.486586613,-29.28345557,0.376978986
잠실7동,-3.877123172,31.28783284,39.90891581,-0.379237396,-44.36417283,1.12749458
잠실2동,-12.40201898,26.7143237,46.83960418,-0.209778926,-42.53142061,0.862395404
잠실3동,-5.348913716,29.05351378,41.99474832,-0.382759015,-39.46141458,0.928553143
장지동,9.600979604,26.95761358,21.04137308,-0.239579766,-14.85215961,0.799524502
위례동,-4.524102747,32.65481026,36.99629137,-0.400064779,-30.02294964,0.578344879
강일동,-7.0744129,2.411627242,36.50447973,-0.320325171,-3.732227455,0.048163637
상일동,-9.557852339,12.3716968,40.69348526,0.015763887,-18.93186383,0.211096721
명일1동,-3.685083137,9.322091513,33.68266371,0.038383138,-11.75702833,0.276576792
명일2동,-4.566098459,-0.921123584,45.82727697,-0.310185719,-18.7958747,0.277763376
고덕1동,-2.398004435,5.650675141,40.19880958,-0.055439662,-14.38220439,0.001754571
고덕2동,-6.568086123,5.16727493,46.99377966,-0.234372284,-20.83383383,0.178235197
암사2동,-4.261436606,31.01255151,33.20834522,-0.058794632,-13.63628295,0.262250238
암사3동,4.890522315,8.432921456,40.93063066,-0.191955523,-15.85497906,-0.006473446
천호1동,-7.755788874,21.2518331,27.60882663,-0.012577066,-1.957030896,0.109215813
천호3동,-5.983750698,22.22575653,27.59295929,-0.086770176,1.942665341,-0.270995368
성내1동,9.585132756,7.874207595,32.49207922,-0.456209996,-3.954555953,-0.224051958
성내2동,5.634795155,7.080464105,21.75265775,0.022704136,-2.454998589,0.152974699
성내3동,4.153248301,13.33891019,22.11472548,0.034464789,-4.090742203,0.109445943
둔촌2동,-3.425112911,34.305947,21.41194425,0.072327969,-5.464920566,0.266922803
암사1동,-1.92944674,14.97133111,29.7227103,-0.076686717,-9.202953547,0.362117418
천호2동,-1.567687649,2.679537275,26.03667418,0.048017288,-5.659112827,0.457549323
길동,-7.958594948,16.24256394,30.00895969,-0.15664881,0.91754614,-0.074583103
